technical_score,communication_score,confidence_score,aptitude_score,projects_count,internships_count,certifications_count,coding_platform_score,mock_interview_score,resume_score,linkedin_score,follows_count,skill_gap
7.291953659734271,6.104345917764021,5.768776811893259,5.788282073329513,6.4685562702044495,2.6117863053593595,2.468141906777137,7.585859043305023,5.922258145840436,6.613506624828533,6.135217324193862,10.0,none
4.688335495078731,3.6593322010991423,3.9131868302356843,5.404267687616001,6.078989377199962,1.7474340275549216,3.40959601582352,3.5678654791395235,3.860407889120448,4.506005397649368,3.852191966058352,10.0,communication
9.704543486970497,8.055480941400607,8.28773229540758,8.155285135647215,9.05692267486889,2.651243759558898,4.344226847369576,9.414076713294833,7.771454605723602,7.82525526936068,8.025902580826905,10.0,none
1.503483775363362,2.035353498252269,1.3512273047840195,3.7731372154636205,3.1576960241578105,0.8685792437221667,0.7093419132348588,2.3191879384292635,3.171921267833282,3.7729207649042418,1.2943024636149376,5.44511382233347,technical
5.308683264669287,6.442308342897999,5.557997379438156,6.445827965663315,5.582933671121494,1.8630374063199646,1.5142247733472507,5.54592044219161,6.39105493843869,6.568023044972815,5.7585997237907876,10.0,none
2.6521394919533727,3.9468611958911892,3.7339933886311325,3.1975228125980437,3.993648800017999,0.53603059969659,1.7329572903528736,2.3541442298495707,3.5319045429477054,2.110017232871954,4.414719240197432,10.0,technical
0.4120904022106055,1.6719885935080288,0.17153068052268886,0.12790631607621478,1.962431210572927,0.0,0.0,0.0,0.5728861073391401,1.6091015385040084,0.26760618357383903,8.224332626260866,technical
8.672789114487925,7.231749903147042,7.097239076044097,8.325637857202153,7.387915641453248,3.7389598155957215,3.4408807704422077,8.382744361758464,8.778928927043586,6.720790686915655,8.44183916952753,10.0,none
4.754776325960149,3.3765450243054884,6.305782583648644,4.102444604704679,4.476962258449501,2.0232244059622033,1.3913097895966382,3.775437307226027,4.312750118247825,4.2830276844401824,6.299153035370607,10.0,communication
10.0,9.52216425964751,9.73665551817184,9.372458821503335,9.573136967487033,5.036005766594829,5.2314284509120546,10.0,10.0,9.559736864538483,9.423986968526606,10.0,none
2.220143065508756,2.600847920298242,1.6603277993302836,1.8375462648885665,3.0484779581649923,1.633943518373339,0.4271295285986564,1.6878055868152781,1.2829477732968182,0.9832913521926494,2.2109780056470614,10.0,technical
4.801828021342687,5.881693240463712,6.025185626542695,5.016981926286902,4.850477959808112,1.9305437990591159,1.8154248838017444,5.744953486035387,3.4837087088690817,5.888984556761105,6.974069292398668,10.0,none
4.551568076948624,4.086898489205186,3.906904597703286,3.9600247818813377,5.345466926512458,2.1360003468150346,2.848266390561289,4.878555040677019,4.484654941695007,3.3453824629852815,3.520002335382446,10.0,confidence
7.488831938038096,8.224023605746563,7.7444596088713356,7.55958056180122,8.50609871828893,3.661675625304129,3.6400932606278102,6.30828919058246,6.606070518438369,7.524103495501021,7.712421689229666,10.0,none
5.627357110031309,5.6272064250540845,5.475780465441312,4.512202624055575,5.313679418271857,2.8756176182354203,3.137719521315972,5.236611955416933,5.274348112885561,4.495602922840367,6.533053250131803,10.0,none
2.455224488451877,4.408415099120106,4.702487195118474,1.6648339035911888,3.819304638646442,1.4904367306892066,1.2919752073916175,2.881826739299688,2.4850172170033504,3.10557310100401,3.5940101564156537,10.0,technical
0.0,0.0,0.0,0.0,2.615814330624235,0.0,0.05344009879783479,0.11139041439688585,0.3041663001777,0.4325381884826938,0.0,10.0,technical
10.0,9.301085624521303,9.02044222112169,9.599423339341381,8.353055051639831,3.802791494942117,4.912875821909526,10.0,9.879759394697786,10.0,9.321362148532572,10.0,none
7.308137327084801,6.26921304082202,6.015351630436172,5.393248217783309,7.5036368030607425,2.201562407526872,3.0406409183465564,6.6749474133966515,5.8686172876542555,4.656661858558587,5.769874367545357,10.0,none
4.471802814693888,4.334378572999951,3.568440265995961,3.4547949169351084,5.540488738647762,2.073063778461211,2.5961043713371925,4.959962887851912,3.737267076951589,3.8502477847603163,3.78112108553855,10.0,confidence
8.123588497022777,7.512872219135249,8.075397520631018,7.633853042587454,8.212116756679913,2.4394133006018506,3.392767941660601,9.31231898932817,7.798582541855306,7.687021909464462,7.234892318934207,10.0,none
5.508924022897499,6.505866224370622,5.986891661846432,5.543222848546174,5.661801895286159,2.2251926231068784,1.5038762847371072,5.119590324765716,3.4927642992532144,5.500784441268931,6.4008909542748755,10.0,none
2.7606498219392748,4.135987896381619,4.350267694804269,3.1190389224708364,4.64360531301357,1.133825597815562,1.17622551265138,3.1721219617368352,1.8396597110174802,2.860365601228539,4.5528048293834695,10.0,technical
9.86936865073776,9.876623549184648,10.0,8.784207102180508,8.958784306734001,3.9262510818948573,3.231760182421006,10.0,10.0,9.254938514909913,9.898372210422556,10.0,none
6.729819700391335,5.950179940882239,5.655876210380216,6.056525552177383,7.505391550275859,2.4748814573807634,2.6535464791514327,7.082006712695019,5.889681599459264,5.951928103831672,5.425525267324275,6.018945537858926,none
4.517710264122392,4.149587993018894,3.6176471947536766,4.296636546952883,4.875418793331875,2.102490423475449,2.3456213475989784,4.2918668598208125,3.597705109849509,4.277097821582944,3.624895228549251,10.0,confidence
1.8366977845175025,2.1390256418437463,1.9439144318686181,2.1072150407305363,2.864031899755332,1.3330104922778967,1.1113030193327418,1.2496842546342213,1.9595222111560138,1.5732860098756858,2.6726618239772915,10.0,technical
8.24168292684871,8.383865916798314,7.729496736886602,7.912078223149508,7.747483729365144,3.1467536243257546,3.109146127368518,9.656010544957196,8.85141705459589,7.144937088255241,7.4380031932006005,10.0,none
4.684364921485775,6.2984421445747145,5.364840380828937,4.545393464494535,6.093452348814984,1.5184419189524931,1.817469971507569,4.884668647690603,3.836816021468349,5.497733023153235,6.111845747472862,10.0,none
9.50071248168886,9.848287663096702,9.853486977119985,8.432579162044469,8.270993960390758,4.102576878029694,5.549673912307606,9.564276462079524,9.67732923875136,9.46380298414208,9.802856540415648,10.0,none
3.6256778483892385,3.599953419834795,3.565462234132206,2.2793444520253203,3.6079848621384607,0.6828895828171283,0.7848912724537379,3.158986822453067,1.2561101973277866,2.61466957951963,4.399223572594,10.0,technical
7.795181324918482,5.665413701278727,5.761117417975463,5.665980080382861,6.688810331137377,2.8702983890327007,3.082820115999118,7.452844170106998,5.541264868021954,5.518648473512629,5.18470553706486,10.0,none
4.4110867039238455,4.510630577492785,3.794511733779347,3.22319767591024,4.777462941270782,2.331566268254645,2.2879463080502265,4.594661374480394,3.6287937885169943,4.176776973386851,4.1955295563967905,10.0,confidence
9.0959890825668,7.690601216758343,7.537953943643136,7.258849999402277,7.291721270512669,3.1205260427260826,2.6346801622732596,8.880946541687923,7.961256507498717,5.904076609816345,7.745019613584183,10.0,none
6.463339536484795,6.121130477495228,4.606097230520928,4.720899181565077,6.083769830193653,2.5365303499192873,3.035213793088529,6.1870309763360725,6.183598007931513,4.864667166200624,5.32910054826805,10.0,none
0.0,2.4860578319116,1.952787254045267,0.0,1.8288899273936112,0.0,0.0,0.38982662981115646,0.11744022316007216,1.2602291305703892,1.563740837126865,10.0,technical
9.919265461470458,8.848235091112487,10.0,8.152092866737625,8.769925700110866,3.709665731529889,4.434282892943933,8.896529688341769,9.563939499257042,8.252304400410344,9.423128903469973,10.0,none
6.494287368479159,5.7893431481962825,5.1500980942279835,6.315314862389758,6.380449851136381,0.8649144532622792,1.7985992634485723,5.624679838573578,3.678490720293074,5.651085368717766,5.952165419226611,10.0,none
3.922116189934593,4.7504980294102115,4.489629784120048,4.3228799369838695,5.000221550560044,3.1671465346787246,2.035313876571931,4.286337258767346,4.264509195013086,3.813683131033783,4.137277736540678,10.0,technical
7.690562547799922,7.227453702863255,7.122465700229642,9.070779893838676,6.630181954811258,3.6191924107272375,3.630188736953328,7.230217618453115,8.68140719629047,8.152808855961078,7.952986011764337,10.0,none
3.767445642240196,5.345143570808791,5.501290768168579,4.5939701051106185,5.096061960075691,2.4093177562390413,1.5377509337567716,4.492619803906884,3.7540305426420253,5.185479001454574,6.223599668402716,10.0,technical
2.845171410349097,3.2306749859461013,3.6923510459982425,1.6252475462090146,3.762748372465695,0.9900128064633991,1.201835556586845,2.916362434936514,2.332515996174765,3.4830953059140373,4.537751681733024,2.6052903909417466,technical
0.0,0.0,0.3354293377905368,0.0,3.2546518046515502,0.7626928698123474,0.20325752296210597,0.0,0.2903218038090354,0.0886390747302313,0.2130973492226903,10.0,technical
10.0,9.195644039270706,10.0,9.666257017828018,9.002950302721237,4.123836636698949,5.393458946729435,10.0,10.0,9.165067546167707,9.746217083934825,10.0,none
7.993859317978133,6.074380222466428,5.829909557389451,5.959584272834806,7.004051008667511,3.0277938490589937,2.9219333841805826,8.184147055749012,5.357127924775378,5.755209181379226,5.486628638249889,10.0,none
5.092613466032518,3.3860360976796504,4.507045439471861,3.648166376850827,5.179799643073394,2.565312305644175,2.4672521632084323,3.965244058927053,3.923305124233918,3.393232990581696,3.847969233627516,10.0,communication
2.403409392802267,2.2807329008495727,2.8814326245083492,1.2964733659293053,2.1960468434523084,1.150243167740288,1.018213347571514,0.8271316888772507,1.6086576401405925,2.096569260853628,2.525324856631962,10.0,technical
8.017870046402257,8.488784259863824,8.167426612005755,6.661037946119791,7.617167049877202,2.6803834199875904,3.1143933715440517,9.024049849952714,7.949781037958137,6.072578379415084,8.835366668043763,10.0,none
6.472453584755581,6.413404463701655,5.344448863397531,3.9062381998291507,5.688355838291734,2.0208642923195255,2.052172330352787,5.117796024474496,4.472598311809933,4.822944899467859,5.602539511319506,10.0,none
10.0,10.0,10.0,8.97033299585337,8.616828741503449,4.591561976412481,4.347666735116175,10.0,10.0,9.810933894257555,10.0,10.0,none
4.4535846372788255,3.150360407151724,5.0305912339392,3.5191171212620542,4.788388412386774,1.562627567125529,1.9175811167558032,3.622200567126889,4.200750707729611,3.380001272269808,3.829094513532623,10.0,communication
6.961864075643179,5.6592912354692855,5.375797576298551,6.26922823415928,6.805526719207119,3.1035497388861537,2.6203873588158144,6.771224136288026,6.28851159703751,5.70995896327273,6.479584663398023,10.0,none
2.4471102040991433,3.6680218285625243,4.308514994224299,1.9675628589269603,4.7403650791888605,0.7450179176943925,1.3829464882532911,2.4962581094571945,2.249451250604434,2.3652209900933006,3.8426536271249265,10.0,technical
10.0,9.278826619991952,8.808934060294279,9.458625784196915,9.763830904311895,4.0847897605070465,5.4159878236740555,10.0,10.0,9.403062402408759,10.0,10.0,none
6.466433938408093,5.83116194673136,6.691326247670606,5.960960326078696,6.120763049558235,2.0825071800082293,3.5340226792013865,5.408164074511488,7.13780606568779,4.4287063393214865,7.030293797069622,10.0,none
0.0,1.81113365424041,3.3589447526414915,0.0,1.3652303998838042,0.0805399191788866,0.09901230735634517,0.0,0.7344136023667068,0.7378130660823137,2.0806690011096625,10.0,technical
10.0,8.120055885764764,7.795683504789047,7.699138746667584,9.39728791599269,3.42186310572849,3.6406351667377477,10.0,8.544619120587871,7.67039480029654,7.524359481821634,10.0,none
4.4271500608552605,6.116730331197584,6.3495275848457595,4.510997274401602,5.34480549188231,0.9239304589077266,1.5366028514629737,5.233703888434253,3.67801340358517,6.111804347159257,5.480053049126681,10.0,none
7.509870932922973,7.569082465239264,7.0326726195647815,6.773279197240687,7.5219735821224045,2.790874539388855,2.958063265640334,6.732525892238268,6.312015001296278,6.146184083247964,7.267548040599374,10.0,none
5.217210614016454,4.391161599141455,3.9585269617402346,2.9603177951140656,4.833050484944886,1.9821683865503448,1.6407797457069466,4.146450565527497,5.2279589501410255,5.0236197400277085,3.368536598400196,10.0,confidence
2.364041257933824,1.137421462536317,2.3965306501442063,0.5900534440589509,3.795783978430963,1.2743411360340118,0.41691941956954337,3.2433019791352393,2.213810253525913,1.8912667872758728,2.5442552973142365,10.0,technical
9.757120836517473,9.56833762207399,9.166582806335464,9.757139354521197,9.085437480045508,3.54075468857249,5.007165480154541,9.42522209214995,9.111885427291734,8.744947115804155,10.0,10.0,none
6.922619933954712,5.829427003159125,6.087469295808966,4.065094231920373,7.419008927426125,3.8469371844460136,3.1359215703385055,6.384160747645862,6.182140567636292,5.822876687448212,6.444980277545563,10.0,none
5.209775613523341,3.9516541331404778,4.0541652293602555,1.338437011269742,5.969617787938778,1.8752686939063068,1.5739729834543432,6.260772904044648,3.587024801668042,3.315211086623006,3.722524289951171,10.0,communication
0.0569115888492446,0.0,0.0,0.0,1.0060426138136935,0.0,0.0,0.0,0.0,0.23246565106992076,0.5264739027572835,10.0,technical
7.696613654601687,7.19416714713479,7.595318103599733,7.896525723500306,8.501824915224685,2.586329422797438,2.640027415871195,9.13246576566536,7.62778264272125,7.667445113007109,8.115392945082279,8.231231898966815,none
5.856884651518849,3.9109390414382346,3.884487737402379,3.544931398268906,6.047511206553612,2.411348337440086,1.945984203654165,6.256498429725404,4.439260480229109,3.8214481492611396,3.6255929786568637,10.0,communication
7.003420403443689,6.038711367392457,5.71429286770493,6.500434414556045,6.18283840804084,3.133496332084899,2.9404130181810326,6.768439188044122,6.344875506838692,6.270195334490774,4.596484739539514,10.0,none
10.0,9.75793770607676,10.0,10.0,9.119878734899189,4.253271116556107,5.113972168603796,10.0,10.0,9.064023591780328,10.0,10.0,none
6.330762788014161,5.905670748275842,5.828499194627734,5.068715634053562,6.186391247473076,3.1394167217001034,3.707454195852084,5.403707327561719,6.063459299543451,5.051276720000453,6.573456859896778,10.0,none
2.788136171241111,3.177662894511453,4.010361444477325,3.3327396753919167,4.1466434626569795,1.6309267661162292,1.4262730669911026,4.9429453725483885,1.831985145478202,2.327777233570786,3.7335060672679514,10.0,technical
9.498215450521041,7.706124913252795,7.479052603074155,7.709699204451019,7.9958485353207,3.959885364676597,4.636308352712404,8.347889769959744,8.60927626938389,7.167928944933363,8.16488072724871,10.0,none
4.056732807228044,3.3399052986660283,4.526126368699874,4.07719495592234,4.796564086235873,1.2281729826878922,2.199498683408427,4.494393268668716,4.815586743309459,4.214680491124776,4.758058829639467,10.0,communication
7.46918784097522,6.629426937998381,5.378481137771321,7.238877658365469,7.633620389571029,2.3555404865190184,2.399799083735343,6.448220646619604,5.7540349110392155,7.585142480296019,6.017454594580172,10.0,none
10.0,10.0,10.0,9.660659506386601,8.659315687630349,3.906317103786758,5.3722358393505765,9.935719698839746,10.0,9.349991977192776,9.997841683012368,10.0,none
5.967328761338381,6.335774193521561,5.010973038395334,6.08307078903455,5.234090291461383,2.943127309871727,3.05722930213903,6.293831705742809,4.545152964391805,5.944393979346539,5.5267270049212245,10.0,none
2.0612064762008426,1.2852498055364188,2.3274210945116933,0.9505818282883891,3.3108987404512766,0.8498710483971523,0.6701567298797977,2.0436082959825908,1.9396806907065394,1.8788164889268026,1.8346867839030603,10.0,technical
8.411687932441039,8.302202568971413,7.2386821755927,8.384959323479416,7.230622303210177,2.555546072919571,2.792168833268326,8.449396300887237,7.441202810291061,7.933114249647529,8.185333456483573,0.0,none
3.979075604258886,3.3753089544795847,4.354369298829524,5.581283386966479,5.148982155144644,2.873611897065126,2.2614798766031763,3.691355858138763,4.614848632199842,5.759998965553484,4.593161454416224,10.0,technical
7.015425830979497,6.3527035009963555,6.129129610857199,6.585242909219554,6.947070559073219,3.2778304859985474,2.9604930737684154,6.6274596118764295,5.31729523243756,5.357132986913048,6.209199054401153,10.0,none
2.8325945182163372,3.2649091704808297,4.204287883132131,1.9152513300942087,4.738750172462008,0.7185700059237591,0.8868642725678875,3.60562311048713,2.0997544790843583,3.277158031514368,4.248324834856283,10.0,technical
9.904734539049542,9.948722144459289,8.725274355349388,8.919491202563233,9.593981177758186,3.751200869810085,5.067462438258808,9.978266028960197,9.088456522988782,9.31988681856227,9.019326046010972,10.0,none
5.7628801962278,6.053058822232217,5.697235343606013,4.555939195637378,5.913999332894139,3.5610430820353023,1.70761851520768,5.836170041616492,6.041162346322118,5.093889580625056,5.950405697528092,10.0,none
4.212374041149665,4.331805593953303,3.276939990843738,2.6204074750933013,5.026208362160924,2.1902949447148448,2.7542180729688805,3.439165870394672,3.2281465852902143,4.321776646568063,4.088687127166851,10.0,confidence
9.164989878222885,7.018850481648664,7.72344434235366,8.698331809948971,7.80017282150198,2.74194244526714,3.115988066019058,8.695875616327832,8.398078849118193,7.939092468693664,8.116644309821483,10.0,none
7.668250417648091,6.042849627760513,5.6724214532689015,4.764105342055843,6.696325094315614,3.3501456192953865,2.5909390084339057,6.605141908515268,6.1995770108855695,6.1746836147043185,5.2613255743950065,10.0,none
1.873254451584041,1.5020750052583902,1.7032738499463784,1.340264921881216,2.678054636092442,0.0,0.6127475107508809,1.3865808876871226,2.499774608591525,3.1273314289916634,2.0012384337902858,10.0,technical
6.620149916972789,8.66510037650527,7.480037047439004,6.954804629359593,7.228823824572201,3.1235258159537715,2.7603988745038657,8.40151230983241,8.630741574661727,6.452511831414861,8.674263803013647,10.0,none
10.0,8.510860781043007,9.896234619545957,9.321640742856983,9.193839232506045,3.2107499309415637,5.016118727571364,9.511880282411603,9.346713637289625,9.687541448372793,9.522957655807174,10.0,none
5.785237515048423,3.7408744767818876,3.9968406110337455,3.7989455790870372,6.319738307825618,1.4484728766063086,1.8765501572008598,5.52235018845138,4.183394477284261,3.616845596963181,4.110173630464304,10.0,communication
2.331497299609808,1.7776536830565965,2.2360954992051245,0.9956192701913424,3.5380162173698237,0.7326997962279993,1.1987515289501491,1.3561404277410951,2.139573715800485,0.3941855049594155,1.5439084939656391,10.0,technical
7.967342250490231,7.890408493882453,7.981780942015326,8.615956701396591,7.990737460971472,4.2271372730735735,3.765109841923574,8.122010860800339,7.755974772013767,8.030784418844679,8.168492557373249,10.0,none
5.046456914911802,6.774881083118479,6.1408412239756975,5.081885190193764,4.754793627366825,1.6792965168896592,2.4197648241899814,3.8506531324069537,3.6400754069441716,5.0590534021053015,6.011231777806127,10.0,none
6.8575303516495625,7.939006257225627,8.175280982127125,6.300623238632253,7.840539850641649,3.027123092962935,3.0348044452831173,6.837977892865719,6.095547277010528,5.80090801236012,8.139690947116385,9.870008056090255,none
9.6327908799561,10.0,9.763985016662813,10.0,9.097510444801722,4.108248860697229,5.015519648236039,10.0,10.0,9.684122174957936,9.901026607269788,10.0,none
4.977335116002488,4.663447795529403,3.843202672607237,2.279799957733529,5.676003640774572,1.3956142871623132,2.7221246539204733,5.0386410285722105,4.081696856644348,3.5194723016879124,3.1892146187911155,10.0,confidence
2.7539095002439526,2.1409857570848314,2.426774174912649,1.4680675889133257,4.184406903165748,0.0,1.374370734974829,3.3525696379286316,2.789733428610687,1.415855720634049,0.9835258759252488,10.0,technical
7.627374776468734,8.284355765135935,8.440038370127096,7.996896326923757,7.7360627260438335,2.636892944806193,2.0696317997144584,8.09502231129967,8.206487933178861,7.6821880190038465,8.257009266511457,10.0,none
4.176168364791087,5.625430364229813,6.432417306931184,4.812585949897525,4.726538358596554,2.193009290050097,2.2418970482829326,3.6433249695491337,3.4196494606752226,4.487891402111405,5.912107516724331,10.0,none
6.3929169289972565,8.084867600670432,7.973412357746203,5.184139885182285,6.154816952541186,3.1794261792466574,3.201411659580125,7.541083503678304,5.956030661617412,6.016301117123532,7.145644754311952,10.0,none
5.7652889953078255,3.4264010171675476,3.899698936250445,2.604002320204669,6.248769404709072,1.5345190459937463,1.8881990254771446,6.045041471539847,3.9870542016558925,4.290028180655483,4.920564367192563,10.0,communication
7.241190199957945,5.819401000493529,5.639778420875898,7.229594422203258,7.1371464540115115,2.9762574378929987,2.6036542376488274,7.354896473300746,6.416117910558923,4.7906123348226455,7.0193078513097,10.0,none
2.5483109688301187,1.8915281050215031,2.1119753044252754,2.158431444106661,4.952586596342802,1.1868016017824075,1.1130000207380617,3.0362688736403145,1.08808497676464,2.204565889293658,2.1968168012323663,10.0,technical
10.0,9.577646387127492,10.0,9.245845726250288,9.096704270960222,4.001104498833251,4.319632254086393,8.956625894198098,10.0,9.04655023843259,10.0,10.0,none
6.402142268305459,6.349523520678565,6.02047891179162,4.498751757233946,5.234955310745024,3.1660305077437116,4.100775705434592,5.910319161955635,5.178234024362892,5.288369703175063,5.773424463986702,10.0,none
0.3746281568241097,0.0,0.5154616118137173,0.8573568428216467,1.3462943497229172,0.09323774974096596,0.3269919041593848,0.0,0.0,0.7717338231739803,0.8524231289144821,10.0,technical
8.576944238824789,7.486509639504369,7.358341056241963,7.954595053673511,8.27733110262441,4.038444978111985,3.638425769866867,8.513543265029897,8.348197374871786,7.582746385982141,8.101941666991006,10.0,none
3.637373950638742,4.391733119731159,3.5933799239127815,3.5502176345412892,5.12439665312931,2.3395425789453657,1.096797115875851,4.0255704409805375,4.392152205931548,4.749975172365491,4.694329477105205,10.0,technical
6.474435919217657,5.6233744218765445,5.551244023001178,7.471178842806709,7.198593979144657,2.981061194886169,2.5627465741860576,7.596554077503893,5.789241967806258,7.5495593189287264,5.907831369177118,10.0,none
5.42873896016851,3.6394470948052398,3.8299603609437924,3.7746584139870425,5.132891788205115,2.5710141552733776,2.4102254490553165,4.932977467309698,3.7797115018545107,4.628557600577739,3.8856768036157847,10.0,communication
2.131566218310799,2.928257744909671,2.115218837385469,1.8040145719341543,2.749881259983803,1.2911721047903408,1.0118700239914813,0.42875038579828895,2.382933923048015,2.0122385407716603,1.3622718536715297,0.7268045947842221,technical
10.0,10.0,10.0,8.630215829777333,9.530610167893077,4.486246929240144,4.671600411646269,10.0,9.856460873066876,9.129444268748166,10.0,10.0,none
6.319438335921047,5.797731283609797,7.071289010707671,4.036886516952936,6.7887754489118,2.227396495661772,2.153937981160954,6.040438323841412,6.092217509401226,4.813607838939402,6.1556497821634615,10.0,none
4.565942316187956,3.7877352311388637,3.6753133383673298,4.271205211726871,4.726211332214613,1.7913853538794426,2.0256207285311167,4.323202452630824,3.686368666325264,2.6962182556400456,4.797797558400378,10.0,communication
8.922272947339069,8.081222671514158,7.488150296874425,8.162017016376472,8.085820186800941,3.9585915166049603,3.5881624950517166,8.651890022224796,8.390413711127028,7.901247268258327,8.837723392276375,10.0,none
7.388292895816995,6.423527099086705,5.92642873422649,4.557444891561846,5.852118949100869,3.9414766493501157,3.860770941167596,7.640490019529516,5.393737233526859,5.98430737803886,6.8808631274393095,10.0,none
2.9643415343269597,1.463195385778822,1.4496728266634762,2.2802297587079465,4.308711320601014,0.8176555666736848,0.6549802946118608,2.7929965908818457,2.062423713081663,2.137096969972876,1.7173690008403375,10.0,technical
7.8884457027660195,8.74060238750742,8.417871112890028,6.545781701105751,6.63237654312485,2.804724582975301,3.005718678849367,6.494056204813593,8.362510165857994,6.273205957416394,8.15381175377657,0.0,none
9.82031459604043,9.658556407809744,9.343456123846492,10.0,8.851235137569054,4.677173071267051,4.929303899934915,10.0,10.0,8.871597701819905,10.0,10.0,none
6.511173519926326,6.248020405167981,6.0620915932339035,6.507025886595614,6.283748124307302,3.0758399639781606,3.0739317229547476,6.195578665507853,5.661204610327346,4.870207295338882,5.755082203199232,10.0,none
2.1248717209500456,1.6470665099877002,2.5860947645045074,2.6022976061325864,3.4911041797824462,1.0670020885721916,0.8884131364504005,1.5293349920302082,1.9526935872031361,0.984960661023582,1.7203278981145553,10.0,technical
8.321992945396945,7.335907016249506,7.552528309948361,7.680227177689975,7.763110960108115,3.172091871063756,4.104760853949018,8.37193149382565,8.35487162599209,7.662314892937236,7.917256975812964,10.0,none
4.895479852066806,4.578176259417638,4.1111681750593485,3.521077283932019,5.999765214746225,2.398822306354407,1.697536598380368,5.124753759120621,4.647423439638766,4.304370136938366,4.011310159759158,10.0,none
6.808730270539387,6.538841232657573,5.733294359763435,5.977888567847181,7.621467685660303,3.369424767606767,2.8619723154098695,6.652095764205765,5.939444885375902,6.818427724532635,6.008808986430724,10.0,none
8.628704966820983,10.0,10.0,9.033181130910338,8.64973584233942,4.201021590417605,4.635648502702906,9.93017722713007,9.115745544312476,7.565648880064657,10.0,10.0,none
3.723435788259957,4.364046764422684,4.047691931790656,3.372583669562369,5.440401783674959,2.110728662015834,1.789692057811189,4.456739690091885,4.2345595204174975,3.55318473295156,4.538958054492436,2.482364199423334,technical
2.367406645834804,1.8051624431222613,2.199023907574021,0.26501083912052303,4.018293332340544,0.2861166277996803,0.288473725839431,1.3718508762218378,2.3713096157219242,1.0902456379185637,1.3775608908534502,10.0,technical
9.163434738213676,7.497938339630178,8.404779250493938,9.022975355796456,7.545344830114111,3.515583257237594,2.2942909490854513,7.942785397468587,7.546138146946553,7.590203071912508,8.053100656566313,10.0,none
4.434514289226566,5.989155916777125,6.086673106223863,5.002709792503985,5.064828818174307,2.376368006535707,1.6716845498694628,3.176146917277575,2.8705150109404496,4.58702228308686,6.024652210800367,10.0,none
8.120423103597115,5.893485471136216,6.854546359465012,6.805137543160668,7.172263191359669,3.0408770573433683,3.6377429366275185,6.909173619873392,4.816719172179849,6.196556596399868,5.650136183783138,10.0,none
2.514512093186171,3.386326252735591,3.1441025093440427,1.866718149394818,3.7572095987300353,0.3417694516352753,0.593605175549268,2.082380456201184,1.7963144580761417,2.601283413033348,3.7767128644890398,10.0,technical
9.713240922529025,10.0,10.0,8.8707128008767,9.108652045720897,4.44167770619698,4.202948386011256,9.226833825636724,10.0,9.390909449476467,9.261220260148404,10.0,none
5.5616355171193605,6.562457976965648,6.238283275911678,4.582105480954378,5.958799268866491,2.773694453881802,2.432002624492311,5.218085530093562,5.567486155961713,5.042632885433455,5.38589404988752,10.0,none
4.573498939794229,3.7877844786768766,4.9739702459998965,4.297760204549611,5.213372024506336,2.4030685169323314,2.5258476668841405,3.840853881114128,4.081503806072442,4.4080276324149965,3.928327732172953,10.0,communication
7.102937905243632,7.489404370071323,7.699487591066786,8.097193778453471,7.492390147610884,2.999459944499543,2.335692352849305,7.136054463136282,8.30538011899573,7.432822475803368,8.130834015048007,10.0,none
5.442422770899987,6.000846599817324,6.624101273883299,5.055277259900193,7.111700103995284,3.1361011369782625,2.5755481301130825,6.174475003627023,3.5898845672808237,6.457733363546195,6.603894946205239,10.0,none
2.449036048901287,3.279615811682697,2.255381670897622,2.0019465947215385,2.728269762944024,1.5488334793621101,1.7203410462867672,0.5861767652493642,2.8878922920617143,2.45658091180371,2.1029822003108025,5.143440668608159,technical
8.255596789224153,8.737144607301754,8.267051048418963,7.200224527302859,7.1471216052613045,3.234002068543383,3.6424364200493153,7.8847291517404,7.447726164845771,6.267872750525002,8.756287485044899,10.0,none
9.764180570525443,10.0,10.0,9.533677028775987,9.519162611198105,3.9053342928744943,4.851673713097235,10.0,9.032633781215175,9.5505606603329,10.0,10.0,none
5.426190043687059,4.636503521461513,4.2370990430729085,2.584628510454874,5.6271809792818095,1.355427240227948,1.971415145884804,5.663875876225884,4.3989895742068565,3.2986081772177975,4.614923793324176,10.0,none
3.4949448356630675,2.592187633794457,2.098423298256967,0.5537395716619246,4.178757406821218,1.4393632026091059,1.6440812302891366,3.002999147146287,2.7044554080121763,1.1504212767578936,2.2036347400007212,10.0,technical
8.459529629859606,7.919876712498869,6.97240716884,8.276013327523026,7.928280497943356,2.346126086064095,3.5010331262333887,7.9957938650141545,8.036627610493149,7.004330170176872,7.920851486043579,4.742444260230609,none
4.113406283003159,6.103153798387706,5.4363091102066505,4.69091445138054,4.883137486934683,1.3592655849176543,2.592762285135688,4.582245053183772,3.6851285165986263,5.122271883479909,6.908011246450844,10.0,none
7.2181812395180796,8.003594971723693,8.151551447656553,7.943029638844172,6.700565114213863,2.961023403021946,2.524744431039221,5.973472122579467,6.194351628676572,5.844378768100618,8.313844167582184,10.0,none
10.0,9.888382577073342,10.0,9.181798255127623,9.029506558921407,3.69482210087822,5.429543547700999,10.0,9.635401182898802,8.315029239441412,10.0,10.0,none
5.396912022385996,3.483339290766139,3.078769938177323,3.324477625973645,5.56289515287318,1.7833214558503319,1.1070339395861917,5.8150846256078506,3.525977122314485,4.287866761252921,4.52352888072819,10.0,communication
1.1961552980137062,1.6177963230028587,2.3513292833521864,1.956661171958321,3.5794873304124115,0.2969008129930726,0.5692458017121834,0.12742169002424109,2.1540077863466305,1.436685805530038,1.2086997438760028,10.0,technical
8.834200552196005,7.626020806544408,8.32943992420671,8.611174805065348,7.840788092534832,3.1715336142549013,3.2503869682667514,9.080402776860023,8.054597383753286,7.935878761825408,8.444512224546497,10.0,none
3.483080238790409,5.614497548030496,5.872861884238059,4.066193771092046,5.310303720172204,1.8184724818531572,1.623408349242664,4.082009828740015,4.179787051834885,4.421510514262904,6.555545469651035,10.0,technical
7.4604495683288,6.5192220889510235,6.146054608095039,5.996131588524446,6.672706578826344,2.558394952816484,2.8111387754158765,6.929445376908833,6.522589777375465,5.463028174815241,6.563572391924423,10.0,none
6.118093511104649,3.883578206499664,4.139374345108701,3.2673972349903644,6.4596468918014835,2.218698404980541,1.6262453689285448,5.077152173481005,3.465948220741142,3.5798412616547064,4.705113768212575,10.0,communication
9.771830939239315,9.511976479443355,9.937349640097642,8.735317274753584,8.85392305976502,3.609769434531449,3.9173332571436634,10.0,9.733986753848498,9.263519003842752,10.0,10.0,none
7.568753315557447,6.354750343489295,6.121229667902469,5.18861564872426,7.566622801518495,3.028526129641824,2.7650787047707004,7.517242160487174,5.475376654948457,4.963904179991269,5.250616255227478,10.0,none
2.245240523849955,1.9788357469481894,2.3940547087748527,2.541525752753119,4.13448079143696,0.4128932384443753,1.1439610103499949,2.5937782507355363,1.8439885759172756,1.4672574374089946,2.377625685095304,10.0,technical
9.313109557188318,8.163926010740248,7.687469951129001,8.068024629573939,7.909189762478255,4.099757051030624,4.835210321706954,8.76754388435373,8.04573958995309,6.976989270038809,8.793509731383539,10.0,none
7.392962022204505,5.367517941108584,5.943717241893785,6.146249753212123,6.5622931429221705,3.802197519585614,2.724594104499859,8.208426542755518,6.1595965422111405,5.0392205129657714,6.527647751424363,10.0,none
5.5168399512974196,5.499380056193838,3.4245172552714904,3.466856483055605,6.05001718528271,1.7816380489738064,1.978802562408236,5.9286410365514,3.5117211274154227,4.144881644554771,3.0889173525339313,10.0,confidence
9.787191758287582,10.0,10.0,10.0,9.204985848741316,3.758720968295521,5.315335567361183,10.0,9.640657212626172,9.529394670644072,10.0,10.0,none
4.188730011979287,7.138762331334577,5.933846800786617,4.80648062469792,4.594373545402406,1.7450641141948733,2.5011069013716685,4.531475077536567,4.141731551030142,4.811903077768797,4.963612882466633,10.0,none
7.525831020775947,7.352916119474134,8.49995740484186,6.263727686887693,6.8580308474297285,2.6994927318406052,2.6134093243705285,6.644927922219238,7.996969930267084,7.184253131870651,8.467671280969155,10.0,none
3.1005527647783144,1.9368492641846118,2.4724553359226733,1.5461254836488911,3.979701134892418,1.3131561357327954,1.3183973912689222,2.288564874048896,1.5189473089142538,1.7966665332486,2.1772580281312397,10.0,technical
7.469922523657185,8.291162182631831,8.544075193159923,7.627115437277949,8.430726521826864,3.440358053152423,3.193016649435479,9.238467645074078,8.26899671739866,7.162762600710067,7.868153058108637,5.5006796662146025,none
4.96141122147292,3.6992933932582024,3.4165477486230253,3.621403793991376,4.628941032201277,2.164849028889113,2.440416170607077,3.3668092318603158,3.428347145813995,4.567386420214164,4.4777669426095095,10.0,communication
7.556927820037958,6.439165051879781,4.902901610730953,6.723187441368652,7.263540297116319,3.0609763834273416,2.2425294921061805,6.442642007647827,6.246249811895106,5.920807241741261,5.197483523688832,10.0,none
9.927912929660971,9.546658528277959,10.0,10.0,9.23377236439027,4.031869311502728,5.565787666352176,10.0,10.0,8.418973417202368,10.0,10.0,none
5.851706434673102,5.1039026545653625,5.782124533546635,4.967593788991032,6.6454734802557365,1.412096918116219,2.024015903733019,4.9568801063775645,6.147152991771014,4.963383876563317,5.1327156879288856,10.0,none
2.5233511487578073,1.200064382472715,1.7157852319076794,1.0539766900322016,2.687483169743103,0.7166252822551624,0.7408371880691662,1.8474387035353244,1.7019430635729949,1.865351178619782,0.6251241643186385,10.0,technical
8.585052280466032,7.483911772096861,6.950313475438874,8.717711675965592,7.631791195653157,2.6246183401380856,2.9273789541960356,8.90821575565854,8.414209914031298,8.004879930375735,7.681091855355545,1.5688430535581035,none
4.4056717467725095,4.219535723315538,4.181228058318263,5.113726664801183,5.027636466085038,1.246526226544482,1.4842208633151812,4.689242201831163,4.236039851645843,5.417622925465119,4.228656578839227,10.0,none
7.520030594012806,6.090019416609323,5.522680627386553,5.342644793165857,7.061137949620479,2.3330515341891687,2.586248349720592,7.0674513649606014,5.00260855031563,5.414768031746609,6.391155447589585,10.0,none
4.877368064022605,4.28233052296654,3.4641648685149384,1.9254626860373,4.951607259742295,1.6544973435236066,1.772682647742361,5.845911930816022,3.972373911779722,2.7709161108368616,4.396678381888039,10.0,confidence
7.2762428285475895,6.49848542151773,5.8211345418304035,7.462702867539951,6.814820685350128,3.061122994012642,2.910208214419432,6.790710000210934,5.583696362492253,6.018662529915352,5.691424650924417,10.0,none
3.2764040139281696,2.5042589701938067,2.1620013944651664,3.1779488910152276,3.1056937836066965,0.8180938548867048,1.0409400479913222,2.0447976362638496,1.7964262906169766,1.4900726178193044,1.8004919823131431,10.0,technical
10.0,9.61150677420414,9.770437731563163,8.455565512457,8.679454420222397,5.499084929860287,5.113063003436282,9.771068653651136,10.0,8.818030837267882,9.72354914772962,10.0,none
6.556814090457153,5.646238317636601,6.600196196925211,5.329736564026025,5.540725927323703,2.4913258785033627,3.354670046637808,5.471734818128273,5.832572034595053,4.926654332863981,5.415229405820337,10.0,none
0.0,0.20468763507626825,0.0,0.5492071579495117,1.2803739967929217,0.0,0.0,0.0,0.2615241046458817,0.9259827474752043,0.08258435823338425,10.0,technical
8.992747160151731,7.397788779445173,7.605502232381047,7.825816443403211,7.721213023056191,3.1464954861462813,3.42050789506386,8.743968481822291,7.946500096327012,7.436012636273979,6.777531636950696,9.03986119325835,none
4.3934666314449204,4.457390475028241,3.917631001887111,4.097605098782286,5.427926879593642,2.495798761754517,1.6631552040715247,4.0541440593251705,4.262437460891222,3.7286832293234706,3.8755881536878465,10.0,confidence
7.542334656696204,5.657163145119075,5.501835019072738,7.869726471517431,6.54735869462828,4.107097690210541,2.4431037886974867,7.3178181704215595,5.195522973574589,6.518623193515664,6.070756108183185,10.0,none
5.717381274100466,3.896364878213171,3.658781375221058,4.2310642533472445,5.807640864454048,2.205622309540707,2.0244607675623025,5.807947327494335,4.295695324259925,3.3490165193420314,3.9542556206457014,10.0,communication
2.5071957539600533,2.5427310282953233,1.7435989464625932,1.1467089089162872,2.855920968255077,1.289282291525066,1.3861707934967902,2.013857570060802,2.1196615991782837,1.5020157383029915,1.598025382982998,6.068410913044232,technical
9.947286077632254,9.861629022618422,10.0,8.1001681512851,8.862453383178801,4.54547586071913,5.070157729629762,9.914988010440124,10.0,9.592690305037316,10.0,10.0,none
5.979052317821049,5.975938602869162,6.369842394148377,4.85451846972749,6.266600939803764,2.1759784506879964,3.0379341390202903,5.8322600891008385,6.144607279156267,4.928945652327794,5.686366537371352,10.0,none
4.488013890780566,3.9174279124712106,3.176141093282771,4.05865528259113,5.500628771004669,2.8413123427395988,2.7834208976287975,3.992268134262404,3.959171736650095,3.8581678903209187,4.29023872207277,10.0,communication
9.638714051121697,8.418032167775912,8.515382291963464,8.117916181692575,7.951119777614524,4.18161083196602,3.6280947864757533,8.584700473780115,7.895198231768811,7.987111051547422,7.764651529277756,10.0,none
7.4829926746451045,6.8630527987656755,6.274325031467445,4.451574479635518,7.1499451173208,3.029718991457688,3.4137603349079577,7.058967984111202,6.819114726996686,6.314261363174898,7.1375769314626885,10.0,none
2.475357384175152,1.8188244507084603,2.089161495204672,2.0276931065099184,3.1877065320029163,0.8552604494154432,1.3558768945272095,3.7183327367653085,1.328582499492163,1.6832172066627216,3.3776752955423337,10.0,technical
7.234107217736152,7.617141486381438,7.311751803371309,7.181373531942888,5.392638085726779,2.7327031645862276,2.6016784989193824,6.8718634017668485,7.762596870459528,6.5142585148419165,8.271501454867597,10.0,none
9.37396937493748,10.0,9.468656910887901,9.374675063091624,8.965166660322605,3.9925115426979407,4.639314747502564,10.0,10.0,9.224148477495573,9.835528559256707,10.0,none
6.271110086100272,5.626867872574903,6.351201849021937,5.803418597636948,5.928262940965394,2.785243561380113,2.8416645509699454,5.328880546257648,5.992604729077279,4.848775252885767,6.057257366205564,10.0,none
2.027444399265727,2.192161581909806,1.8422271522877434,1.2465686162025291,3.2776032609190437,0.6809558710527523,1.3883076218280173,1.9802137347764686,2.6703935642021333,0.9599374155291522,1.7288548879638659,10.0,technical
8.337000143459356,8.220180344459328,7.797298622099869,7.791002391826499,7.33004313385881,3.0304714713908676,2.5796959431449222,8.053053326833462,8.564096572906301,7.634234804762465,7.930115569319504,10.0,none
5.830759546973994,3.5536072758606094,4.825974746478247,4.233200916438957,6.8418490243911,1.136961642514307,2.248391206849263,5.984610527998546,4.818065966076043,3.083464974228092,5.029910793280777,10.0,communication
8.016481616469138,6.637872802227766,7.034125295889906,6.283684874887722,6.342553927571382,3.5869646184895645,2.339471522992332,7.482759802201319,5.7417886780482075,7.069637118797653,6.230412205024094,10.0,none
10.0,10.0,9.565302570255689,8.59256500163509,9.304884084077255,4.018154909376745,4.722342056475118,9.754093714459609,10.0,8.843356468401703,10.0,10.0,none
5.181315485619127,3.752867450195204,4.01424482471176,2.82802977162613,5.576588410107163,2.0873416937911506,1.847090142459412,4.578906968665728,3.9796008488803647,3.140958401725399,2.8884475027828262,10.0,communication
1.9607972994803884,2.068032822343299,1.6443455977188615,1.282368795184374,2.5673685198698575,1.090464160808888,1.29780348398784,1.3333353873286828,2.502390004813719,1.7233485154206738,1.495785646307778,10.0,technical
8.413548314071628,7.982804649075607,8.745778485241676,8.303320863642655,7.949318745792167,2.425262230634165,3.0357903885193855,9.042994031564382,8.123079073020756,7.795397655277536,8.307799623691896,10.0,none
4.1313330596597835,6.0298632615975745,5.878324570195473,4.332375088307757,4.842019604534556,1.3241391747212492,2.158390659132587,5.20228944577328,4.15650010165602,5.269917457017058,5.794647765384676,1.022760641004878,none
7.459125881951437,5.765008718151279,5.822483702583791,6.069278289869972,6.417732190387767,2.763912830049519,3.1239749131720598,7.804657188729429,5.746860307349584,5.8521278555417275,5.193713729524621,1.607851972874749,none
2.709720179856962,3.984832666369729,4.283561995073404,2.426810600760656,4.587940813682509,1.4375375990863843,0.8803641146489131,3.145646624253319,1.9649535101852367,2.5415756728609744,3.9752096803160244,10.0,technical
10.0,10.0,10.0,8.356524016167457,9.22245164001318,4.082442300941777,4.479094418700656,9.399271612856092,10.0,9.846469949479909,9.97178066740353,10.0,none
6.499727389613701,5.6487411579825135,6.558780982760463,5.413257366966417,6.292673512695043,2.662485161420354,3.1231264251511903,5.764119591618008,6.212826539064905,4.998557177491044,5.4780267189400185,10.0,none
3.9700695248717133,3.763081681896447,3.684514646320264,4.118568210924889,5.294948767063249,2.184167355782333,1.348824047504123,4.60942359653891,3.3157408417330947,4.1869130092383235,3.379877240097657,6.444223064971529,technical
7.91379166778933,8.68540346026169,7.711556390378234,7.3950991029744175,7.756340504041139,3.050846014845288,2.8804288524792665,6.555571097646658,8.16978848589864,7.399799829099413,7.4135885107120965,10.0,none
5.639580755964094,5.973554272304448,5.953531614526179,4.896897907795031,5.304096092638981,2.4565982638927273,1.812688294821535,5.862700388577039,4.202558336558369,5.893778268637048,6.51230802741164,10.0,none
2.1197086248227075,2.2037651358960995,1.5238431350751742,1.7393620269399777,2.935901623395228,0.2507563254503219,1.868070738039614,0.37456411499884634,2.4364493820424555,2.3189715590103193,1.4306777069654595,1.1774063103540777,technical
7.752517487186523,8.416470681912315,8.686489306455202,7.586097168446175,6.545902425911461,2.405545191805386,3.7887365671329487,6.526813551354484,7.7743154275133355,6.608512748932236,8.052087216491701,10.0,none
9.695048664106245,9.091833799522657,10.0,8.905212001660013,8.86163634704096,3.349171611720779,4.920375838137524,9.427335898366692,9.526913276026404,9.0893608391719,9.84830789690489,10.0,none
5.657531983925623,3.853781189196394,4.302530784972692,3.089295694397831,5.143532335446604,1.2274675723665327,2.5307861969922154,5.312489811706704,4.619684680648385,2.7867800515392895,4.060102122939962,10.0,communication
2.7436962905497713,2.5248054518499954,2.3940077525407246,0.647439368198901,4.34972298633072,0.8577632400918869,0.7478017115469417,2.394027650365077,2.6756255295489946,0.7796810793409514,1.5069186404893853,10.0,technical
7.38497874406528,8.509253556908398,8.299980296758664,7.570014942078784,7.040120659979786,2.9234445335536763,3.352540033879182,8.667891837535077,8.30511289097684,7.91826645855418,8.030119048358292,10.0,none
4.239769911862543,5.730425594116899,6.086127951063975,4.599594125520803,5.559425551752677,2.671158111267303,1.9923761052037654,3.664933667588615,3.3451860231352395,5.612749842487044,5.192776640648855,10.0,none
6.882340815437988,6.986075881988283,7.549487597913904,8.419229647262759,6.896971242675833,2.4194065562746476,2.2857758961781642,7.2960903454172215,6.1848495789181746,5.459763197906787,8.786954304535264,10.0,none
9.033390851788237,9.62286758957041,9.63691719656047,9.204845773115665,9.10873120994594,4.462402502915025,5.295404260733622,9.606680662704537,10.0,8.435644216498725,9.825969542891116,10.0,none
5.414260904804846,4.0731275750885265,3.1303348742160324,3.991306217467942,6.22504938750504,1.515798119710265,1.9221733819951123,5.868677748783357,4.841862386368556,3.781097068962485,3.7378263304877146,10.0,confidence
1.786995399333337,1.8464679825605945,2.0136398830395956,1.301211373403192,3.006392426725726,1.1902740780988692,0.1365179486429795,1.3386840530251394,2.848925097514095,1.439846483663146,1.3819326163717673,10.0,technical
7.8207318840219475,8.42892144729854,8.376927142810617,8.118671568014388,7.5240451406856685,3.7509790407018633,2.4661788352110974,8.86542455337586,8.133577272724152,8.30002653020194,8.065837134830232,10.0,none
3.7148659295021274,5.678747919951893,6.20568182976416,3.92838613237759,4.986785841596923,1.7863408425380962,1.4786009749893845,4.924094320855683,3.5470707705426445,4.615555964856415,6.318614105490782,10.0,technical
7.770830625494268,5.955778536961064,6.189935808710184,5.758832807058983,7.005434737780631,2.7524631771723103,2.527846280595977,7.950301979847447,5.9105921002783965,5.961300440777171,5.523644734160705,10.0,none
6.023093273195219,4.1843262492511775,2.8269559840911476,3.4904514869465038,5.617650107837718,2.659927716896517,1.8498348228376609,4.955059074836035,4.117421294577546,3.2166958258509015,3.553213239395258,10.0,confidence
10.0,9.621132854992084,10.0,8.26861979517999,8.915482724812257,4.526362990002251,5.099951601808403,10.0,10.0,10.0,9.957935931079076,10.0,none
7.599298450152827,6.818868261119817,5.636905899677268,4.601040564155268,7.102671148623154,2.4243863938433936,2.6729119596893973,7.380203270256921,6.145297224278014,5.174643672152029,6.1445668182030255,10.0,none
3.235024987089974,1.92921035990016,1.624559824443458,2.4736597638511277,4.256611670217003,0.9801676682094843,1.7917173000182962,4.1881731809823375,2.0653977484968884,2.636207020643012,2.0915753410316222,10.0,technical
9.028953789158187,8.65153474371728,8.730451333493594,7.602825181172114,8.746648484770821,3.267152444135916,4.771131842646275,8.122456289058839,7.637389608361373,7.59348053389622,7.838365983081615,10.0,none
8.327663861996339,6.2318251075848075,5.266412449528399,5.8560692828472325,7.076514543578758,2.4800113112150557,2.521087265345867,6.914305803126727,6.198856132606994,5.954694204109602,5.595641738042825,10.0,none
5.6054665309524685,3.4633351166961273,3.5170468301701105,2.708480467509989,6.075558692187181,1.2532364847983268,1.957657470546882,7.021763933674902,3.9730639363646354,4.301328816832165,4.57090700398118,10.0,communication
9.500470353342344,10.0,8.643343528687527,10.0,9.08503964253413,3.785923743807585,5.429934615169553,10.0,10.0,9.024792238289088,9.435541222459776,10.0,none
4.826459118244924,5.50667793063168,6.402409169565316,4.152742818736477,4.5766428205318945,1.8854853566854892,2.1311037600402933,4.24723306561888,3.3655524875218807,5.123365281176506,5.248710978202794,10.0,none
6.4194087902807855,7.591316216702873,7.89381623820146,6.1054976567838875,7.239130361610845,2.428345935047963,2.515718440914805,6.820471565400689,8.156461414771378,6.986661359208854,7.735719082982601,10.0,none
5.675568109067478,5.040921818766828,4.094073632660464,4.052284095236214,6.365065882080661,2.250355211638236,2.2886712481704565,6.170653919728989,4.1106751352352395,3.9565582836303874,4.295500956606763,10.0,none
7.07294520879627,6.491941976073493,6.268914090092238,6.815712453669214,6.039453925093937,2.9951168423760275,3.856792689414622,7.178903357003737,6.150590318231218,6.4656546252470735,6.71681987526519,10.0,none
2.6459510238986526,1.829288109828403,2.1811451268149633,2.939699185525357,4.47465099082875,0.7990886340094543,0.5197524700156737,2.809244547343595,1.0189113808537722,1.414138671194869,2.1509769348841172,10.0,technical
10.0,9.698489149358918,10.0,9.178310364247753,9.277680773175787,2.792733648796975,4.757993915487633,9.535371654579034,9.319904994498724,7.900334662046181,10.0,10.0,none
6.254963578050778,6.11290111166473,6.055941193419745,5.991465174135156,5.645249472600721,3.4849841149055796,2.5630617428468727,5.258801944923937,6.533818334084808,4.360846804959511,5.853807908072717,10.0,none
0.20341293196919422,0.0,0.0,0.552750527850855,2.153152375605736,0.1223468246983309,0.0,0.32979783008756713,0.8487690226877171,0.0,0.47831078081727246,10.0,technical
9.07636107649678,8.663113403738556,7.285591432750316,9.06100939431702,9.056244519089258,4.007445024429063,3.448710759454473,8.727465298387573,8.353091212383308,8.010797041252756,8.026238994726127,10.0,none
4.767304164662095,4.107903036326999,3.125060304975276,4.638230222022336,4.5549247106656745,1.0517935809797505,1.7766195368962596,4.024717801415917,3.2302447494756987,4.286404722170109,3.781217126564762,10.0,confidence
8.34813838686361,6.609404093050715,6.078594626507977,8.394413590084113,6.393956155910112,3.3245219732783813,2.4383197158997327,6.878303970211416,5.373571555926192,7.539061856563799,6.58912705667789,10.0,none
5.051294984918238,3.3430038283367955,3.544668129528268,4.252640992200046,5.50052573686502,3.0482324338915943,2.0522220736946246,5.8923782053763,4.457083197892574,3.9081135002242693,2.601738626135857,10.0,communication
2.699773491598757,2.7781106711925023,2.345962274413795,2.6207917693860887,2.673531628281407,1.1419808063074954,1.6758211181146003,1.6627706807701974,2.2377265304244083,1.8440747715643289,2.816645712526089,10.0,technical
10.0,10.0,9.904405837664452,8.540917014186569,8.505453579173196,4.201868679292816,6.035746630028088,9.921900882329881,9.422384650224188,9.135613808492241,10.0,5.703655410350343,none
6.638713997276437,6.248333827349094,6.300401648163971,4.659220805659145,5.669571052005157,2.789269349978446,3.7972937373463247,4.903130094645898,6.1023825709761335,4.576198580138828,6.140902745131282,10.0,none
4.232485474921394,4.953926401694464,4.2012847485104805,3.0146980882586165,5.846714336233528,1.520956984518404,1.4104676396509737,3.6739427556445285,4.912261541601505,2.8839463690980014,4.177667295622185,8.35073615013863,none
9.437877992940765,7.845370447699624,9.247627886813953,8.558525127701259,8.572085438192817,4.150146226813079,4.678249423063885,8.927819518665775,8.88033794797404,7.33900705309385,7.902619781726262,10.0,none
7.143474165692448,5.8577642779007855,6.115294143583646,5.763245069567272,7.493614722485117,2.846552126089053,2.578613481397684,7.482389385221176,5.639702766555344,5.310189034640919,5.788580330687429,10.0,none
2.667684368186484,2.1926502875672447,1.5211070249977003,2.937402266769409,4.2352125264349345,1.1891908142193204,1.4517046140972099,2.4377889190220623,1.7576992254398176,3.0472312502032306,1.5083634577455796,9.678268300921252,technical
7.587486805774,7.813997406185013,7.11732137136904,6.76325798949822,7.04663230038233,2.862057699891427,3.290548042949797,7.257842864373735,8.338417992868342,6.480193324672315,7.950257244694615,10.0,none
10.0,10.0,9.504665277215398,9.478132096532216,8.626244534465314,4.360432798448443,4.9203321516610705,9.64233234219778,9.581758342531455,8.503362418423926,10.0,10.0,none
6.983611033198035,6.0566337123780345,6.587516690827202,6.094731771638212,6.348925697402805,3.3075946094244535,3.240582496171296,5.875580474553682,5.322213661761704,4.934503708465176,6.047035085691849,10.0,none
1.6577130484246279,1.8015742539341404,1.3531937085025736,1.6807499973891757,2.8171369845663947,1.7850968183963298,0.6931491678930972,1.9134233948988584,1.3585817067827217,1.2862052694831088,2.003400647256429,10.0,technical
8.508880809248232,7.963450395743458,7.516977150258591,8.149547152081798,7.880524521573249,3.298471256941595,3.3014589512759893,8.48781709297865,8.092630012476944,7.320400336005605,8.200411647190245,10.0,none
5.531685573422221,4.682203145123366,4.471645487479254,4.6061952059696045,5.879638779934226,2.3364989418606252,1.7442534042016242,5.743175160253611,4.134005788054829,3.7563496891695913,3.7399763604461294,10.0,none
7.340142204437099,5.995280711994184,5.757254641769579,6.21754479138928,6.315892186355614,2.912883150574073,2.2175092855293927,7.081375673515266,5.174816021009623,5.772724357681678,5.865076100984816,10.0,none
10.0,10.0,9.510564221964362,9.261489410031144,9.095683823356202,4.014500273541579,4.247267239506385,9.939550856634792,9.202883971329832,8.496078549415648,10.0,4.868127291091392,none
4.7197894691584334,4.20569718570158,4.145090455154758,2.5330654464685876,5.632822328335882,2.0035330244255145,1.8018756322043818,4.470645899431162,3.512237645717838,3.1306802176992505,3.6286599969750757,10.0,none
1.8777014023281795,2.3980352016281676,2.2558354544777566,1.1506577160853606,3.976401437571867,0.6522522135179531,1.2712888174163886,0.9429091589166744,1.951110418990532,0.8632924681744213,2.7393026278010053,3.9648494778066543,technical
8.010738515232006,8.865841723402887,7.765630517753296,8.814369157731528,7.116383840442601,3.230690397071345,3.341801484485562,8.144439237286129,8.068789249825095,7.491589231404694,9.727936421909185,6.222492191280656,none
4.549376137011901,5.979228478186652,6.121440665478315,4.420492941931766,4.5391191073691095,2.9910044005491216,2.088313198438327,4.488276011000156,3.537311657449447,6.675277962240283,6.065109888616425,10.0,none
7.0672790219454,6.338658752591728,6.043106367136737,6.266457484569636,8.123000675573733,3.060620444171445,3.192480076905055,7.35176632741758,5.088296865150378,6.185387258570932,6.823913408261357,4.849437290375614,none
3.434593961645138,4.110399806522649,3.583555714481631,1.6795222171043367,3.960167011533646,0.5334490050187317,1.5824689561799516,2.974456602439461,2.551801950106531,2.035342781650536,4.960381674920779,1.6749613025177073,technical
10.0,9.334068388010364,9.911013170549356,8.629698102135785,8.871336547077487,3.8722112815824845,4.840573083042159,8.862634164539955,10.0,9.773763695995092,10.0,10.0,none
6.114995334536057,6.475509235198527,6.219789990471159,5.2948932042444214,5.680675894540597,2.8115564194157763,3.396539212222053,5.944625074561772,5.826494658273439,5.2479501266249855,5.400411838037388,10.0,none
4.6571668548121385,4.129347577868074,3.383752101468664,3.6682106869807174,4.496959014222369,2.0275094914455347,2.4486804287733346,3.821190881576555,3.7090136875656112,4.472053655816756,4.509580999296723,10.0,confidence
6.650844243472413,8.15430036502335,7.47279849052811,7.068211600146762,6.95377326183734,2.067533626341629,2.5864980440234424,8.117927073846229,8.029731852175718,6.380179904418777,8.627617355377925,10.0,none
4.930843355814012,5.340605431549564,6.335521779455318,3.8613835296126924,6.1504719592330135,2.9350809413172594,2.5066411266106066,5.8788185187220545,4.071236458126409,5.314530367691341,6.3866954586418,10.0,none
2.5959327159774555,2.41853838645919,2.425685931271537,2.612032801877055,3.087161503409681,0.5532101364708002,1.1398498110748956,1.2849382293232339,1.881758802047831,1.074261887287593,2.113843183725903,10.0,technical
7.691542939058053,7.958362916812901,8.055146936090512,7.132299259225903,6.851062431163417,2.8112017384088475,3.0856125380952113,8.057039936982472,7.876358379124256,5.728874959515631,7.001475999835494,10.0,none
10.0,10.0,10.0,8.947262400666023,8.965162485639478,3.297961540605538,5.729372045578545,10.0,10.0,9.691266239792052,10.0,10.0,none
5.639570793143954,3.6725948886530153,3.1985854202910833,2.3431305316481037,5.984002145375587,2.369818190327318,2.4367019663148692,6.430561582692777,3.8178609399401946,2.6262955722933294,3.6473603679890174,6.294958800587306,communication
3.3360820836410765,2.4948640218177753,2.1905789453911932,0.9640795222637552,3.8833396849770274,1.3038351931408272,1.304621163799549,2.956443025763904,1.7706418971365263,0.6821716943047573,2.8203148514725065,10.0,technical
8.408879192410176,7.363499624922458,8.349742765699714,8.451661957621546,7.519747856825038,3.135448857921601,3.9401421414790705,8.237024153985804,8.510651649652399,7.622945000756915,8.278762023821562,7.763106806240521,none
4.920771739802909,6.82441621250556,5.821704700193429,5.299178845869136,4.471933577470926,2.1166477425937447,1.8412119523754604,4.551190067662958,4.061882287550945,5.048395334164555,6.72925857511712,10.0,none
7.33265652345099,8.311499864605542,8.435007520338853,7.6973013281667235,6.924095558261376,2.672109186285293,3.5091099226537494,7.3488184012679945,6.093068996983136,5.625156451903583,7.53142080164175,10.0,none
10.0,10.0,9.385611040470746,9.451643504508274,9.039168520826435,4.617913975256764,4.727983333997184,9.930389280495236,10.0,8.510359850575004,9.976669208863358,10.0,none
5.587612894606675,4.1931755205213115,3.7499762134372037,3.9236941882721337,5.577747906027276,3.049362290249221,2.0412237389169143,6.324384783322106,4.44172912759517,4.707099749716867,3.6917201198919054,10.0,confidence
1.589473114572467,3.1762150026637084,1.1647497892028489,1.991865784950979,2.4262579418250887,0.25334748244321714,0.5240091525125203,1.4920897028164395,2.361656893245079,2.0026433561122596,2.3409397324495513,10.0,technical
8.176229731996173,8.140549956349263,8.40682440615023,8.328727742239744,7.16271758511513,3.1913094437079454,2.443421215926224,9.693742892845508,7.9506637873659,7.105041592729058,8.844899695616657,10.0,none
4.249074844127212,6.914240398726822,6.077034239752123,4.118397017321824,4.705226742259164,1.823943039181688,1.5532159713770906,4.725817987146085,3.8233024508551834,5.4471921366330145,6.393039767761183,10.0,none
7.9890219927384925,5.970457872811766,6.5756827576140156,6.272687203900818,7.223796288541697,2.854320319856819,4.130218639657192,7.655973396167501,6.205689236850085,6.199805747898363,6.626591350938569,1.9631867120590383,none
4.9216038469672485,3.4386712070883614,4.391595000609984,2.8496389150455834,4.681399367186275,2.1924943728226105,2.7949701823427873,5.5855191910741375,2.9925295220038635,3.3706187802500147,3.5723155847398247,10.0,communication
10.0,9.530420246829781,9.982806873111835,9.487224758019206,8.60538719158262,3.6109453960473035,4.639443259846026,10.0,10.0,8.64724693548909,9.773381396088398,10.0,none
7.654819238326354,5.7021917062863405,5.806338743280804,5.119172690274674,7.223557115309708,3.162856165671915,2.167342559791141,7.097398642132232,6.528211401559841,6.6209627944121845,5.7198204789900675,10.0,none
2.797025942364054,2.893845946911594,2.3902594332494913,2.517558883114451,4.272007699967268,0.5732595796035326,0.6187816580447154,3.057665006975081,2.0807519561045096,2.0076019356796992,1.4809223294624407,10.0,technical
8.199142617759517,8.444312645219531,7.852472242913282,7.09878526905397,7.729299618116162,3.737590027346891,3.8337259581300476,7.993996913980255,8.143759893971612,7.964869281619622,7.889328239839791,10.0,none
7.849271456524455,6.473795163150659,5.908327717979023,6.66708058763724,7.126012422399865,3.006432514167619,2.2511714841188186,7.6690308587570595,5.3997535385478885,5.526475007144139,6.402924958987152,3.1707708102626357,none
5.329795401275671,4.690610534603415,3.711054475232838,3.3422038272955743,6.806392910170423,1.8957166969324422,1.5410375470255326,6.003183725937955,3.95047986691624,4.318180460384329,3.035482423310025,10.0,confidence
10.0,10.0,9.676667738779265,10.0,8.81676725617805,3.0192914143164877,6.0262151431333635,9.932614535999987,9.280131012865763,7.744437441548353,9.845465739839442,10.0,none
4.9029228010572945,5.441743667319146,5.948573797158287,4.757190945115163,5.535518678926087,1.009569735754459,1.8454183021221575,3.9859681430076597,3.993247610477149,4.774774937533336,5.94350048619317,10.0,none
6.904721738148772,7.5848043302850465,7.653321444858492,6.361736188770197,6.532123613040756,2.957198146685709,2.0238779711722863,7.979024270391526,7.349161551443969,7.339460368526279,8.269765559705512,10.0,none
3.3753217085105547,1.0226374418737234,2.612104786567701,2.3512536131772226,4.275944005421896,0.5544415141842307,1.4262550458897043,2.5282670999049888,1.529599368310056,2.176188421040367,2.338510586101126,10.0,technical
8.368228717072148,7.859307409515817,7.305401184443951,7.909916503771162,8.485852731491802,2.783823221605278,2.59773256206681,8.991194014306458,7.492886710240032,7.313926016099285,7.466323454573115,10.0,none
3.8057473314811685,3.4632372233339526,4.098551237905923,4.3075486591958585,5.3892175861352225,3.288993021129159,1.5642827144408717,4.296393979500057,3.6248330595196596,4.832817289286744,3.877572149469643,0.7226017585118929,technical
7.386288389820732,6.465254126731809,5.730871812762211,6.905581817741428,7.3433083721236825,2.8173388309607,3.6720872707851915,7.474659857993913,6.402722545871115,5.9291868839837205,5.624840270857878,10.0,none
10.0,9.615733946890343,10.0,10.0,8.716996130736769,4.230870718476311,5.797837770214143,10.0,9.676810261200346,7.900924349757254,10.0,10.0,none
5.286343124650774,6.137912342413983,6.171096160962617,4.530007769351914,6.579349298948861,2.5695735527620096,2.3681432625277155,6.100713324369712,5.633966941521765,4.628025951219685,6.140404459470614,10.0,none
1.6219995749055842,1.6372862563331831,2.727259492596607,1.1035782719264595,3.540457770517943,0.5744471537479603,1.2482959252008714,0.7901203859091409,1.8523244891257116,2.048217674843441,2.4955772968332193,10.0,technical
8.016342335168579,7.788631113338361,7.340308254028027,9.362397262781736,7.079273745560993,3.822681937453993,3.3544387959527118,8.326558842956311,7.4146042292889325,6.80914763538819,6.82825392229187,10.0,none
4.656957213267401,3.5645611356091456,3.74221711944915,4.2691118112476,5.493150627478672,2.363647278317476,2.1270668711650336,4.647479345428465,3.4786166857008602,5.058182499034926,3.0555355062344294,10.0,communication
7.7247255129083205,5.804133603315102,6.492749102948435,6.870519657818528,7.502642990623145,3.0635938887068006,3.1127250645860096,6.230062665834095,6.762428252882149,5.792126813625411,5.96881716318371,10.0,none
5.427437278847622,4.172790298613932,4.232524808988502,3.9521286760295333,5.707665070982564,2.0060918626140736,2.5871733126837446,6.027356858063271,3.7753406873128648,4.342497249633451,5.321264388168315,10.0,none
7.265269075036226,5.819152217965206,6.623327263615846,6.694485230983114,7.4059062383777015,3.7516880717444065,2.4890252864522466,7.063674147412004,6.322404726682466,6.256387759075104,6.008310635965934,10.0,none
2.6328237230124327,2.155340224447549,1.6710948114181272,2.3270829758801312,2.742899374952982,0.28614140460849713,1.5797524266498502,3.0404978474153785,1.8105537488869279,2.4987369044839056,2.109754041390105,10.0,technical
10.0,9.871234305008016,9.562014303135431,10.0,9.179069068402038,3.632536104844538,5.190556097177884,10.0,10.0,8.67827237867975,10.0,10.0,none
6.3077491408673705,5.748541748764647,5.89928187284439,5.368781082197377,6.695428012603296,2.373918059836352,2.437550854516574,5.81778060032746,6.309284369456249,5.22324832425552,6.306105580073496,10.0,none
0.21667014410251761,0.28867961849888013,0.0,0.0,1.1071960391666396,0.0,0.1834805031935134,0.0,0.0,1.0001655836538206,0.0,10.0,technical
9.025895756115228,8.500551866602832,7.151372630262687,8.784799202987713,7.646212840201667,3.7034904081702855,4.0383618981517015,9.098820932316396,7.917693375371317,7.621724937717303,7.769516109006164,10.0,none
4.150579126182405,3.531777983982776,4.035508002703795,4.406617967846567,4.300794538288988,1.9363394808504553,2.193584278858741,3.977128051592437,4.4709743482163,5.502646256086716,3.8388355550346547,10.0,communication
6.723176464691928,6.276119110649615,6.606584898161777,7.3811343745165585,6.473902172692308,2.641147130731573,2.726560375438444,7.90704873675568,6.0073918591080835,6.0830044868753435,5.9309888322438855,10.0,none
5.529524502824163,4.200189261498097,3.6892056841103855,3.5292069979747915,6.090827880668804,2.0651579849328727,1.7126676872360238,6.215837039229981,4.2425409525009945,4.470608570711683,3.92223372346519,10.0,confidence
1.723694710965311,2.6044094871881285,2.415917151010995,1.988162783726865,1.5939185077883515,0.7732938557822779,1.595576376894091,2.1666579400118042,1.4147592005654228,2.4535139505277828,1.548210511311207,10.0,technical
9.698696787446774,9.272254211738415,9.985205192884141,8.439929249701413,9.537930323834836,4.053913404391873,4.4247683717947925,10.0,10.0,9.182761648920518,8.93773458290244,10.0,none
7.118688864987493,5.100266003700153,4.952280610302743,4.980712943425005,5.869010734582542,3.187769642731827,2.60945730807403,6.4206240768245095,5.847638493488597,4.793933129247671,6.178420319942673,10.0,none
4.701399838032932,3.8777498099149246,4.396845731550283,3.1404091408191928,5.665198713338951,1.493034849443183,1.8267495038392283,4.464249718893658,3.4605050897818486,3.7822071403657636,3.80318017400479,1.0782800951548637,communication
9.659208425296482,7.524968251647766,8.275690309294943,8.495715150967666,8.073727776919714,3.863551896521584,3.5147633576662525,8.412798976980131,8.259555812643178,7.157166979457218,7.92113705881093,10.0,none
7.45602523087932,5.4113127224994635,5.5309967249226855,4.907043119267674,6.929539146764534,3.042580815288938,2.761920257441482,7.829603248013338,5.8352307079148265,5.707628339263939,6.187836263858021,10.0,none
2.4550144644220286,1.8241553599589273,1.7709764837413686,2.7695859498763253,3.36703085852054,1.1776223672087638,0.8754026637251026,2.54218204402411,2.100216084424609,2.04976419651641,1.4785762957025408,10.0,technical
6.4469400852280385,7.057106494601335,8.417067418443736,6.891365755872025,6.727912051935219,3.5620947112300883,3.2484251913363327,6.681150982472125,8.420241110462545,7.127223355286743,7.727594543743944,10.0,none
10.0,9.919957503353066,10.0,9.09034244718657,9.541248152119586,4.043683687593686,4.8522339912526835,9.34544692622962,10.0,9.750091337110373,10.0,10.0,none
7.194535167655243,6.150452909352396,5.778293220725326,4.798026305288178,6.605982004738413,2.9077588595316834,2.952777081075935,6.052152443644882,5.961770624359985,4.335853079774469,5.608089129790599,10.0,none
2.1683124957635265,2.8077277829888363,2.1299097215628566,1.7689960152153732,2.1351142173396607,0.7689790843014657,1.0068579722553326,1.3685740304366285,2.7271280170183414,1.2743463323076516,1.2996004440558395,10.0,technical
7.675237664035568,7.820467049398592,7.754119523154271,8.130800337675174,7.717372608341726,2.630379216799471,2.142229598777698,8.511842205531025,8.280328403411241,6.831817785729963,8.009660963298305,10.0,none
5.564222905393593,3.4598074092021145,3.9585290717193136,3.5976447515822203,5.814099751331816,1.3751686345488072,2.539452272430361,5.6951348429052695,3.3552915763766777,4.175718785809903,4.132763678687248,10.0,communication
7.541815920568485,6.764000033418685,5.512307933503425,6.686264597409415,7.159096794044435,3.6985819131245714,3.0096669596177095,6.402972850973074,6.037858255765412,5.324987492922518,5.676656460932795,10.0,none
9.688135628524135,9.880242253732172,10.0,9.690394871379867,8.425802628674775,4.165483383420772,5.328083718152426,9.169279021430768,9.502424439980272,8.310963210990487,9.631362777943638,10.0,none
4.498248264173032,2.8182976433131506,3.8192409812999353,4.21197252653659,4.537644094834537,1.3595143392278026,2.41426741729342,3.6451304587838025,4.589410221239508,3.009318886991095,4.077582581837242,10.0,communication
1.9602153163279903,0.7570305220572995,1.681146519797467,0.0,3.7910407450289374,0.3828091192434637,1.5558465219193633,1.2024629275835763,2.3103658173871877,2.2642343307249586,1.501332362259902,10.0,technical
8.913417062437997,7.852243597449501,8.287771178926981,8.059700816622106,8.288821143950067,2.7494583530956374,2.742316875392972,7.9767247451911745,8.1337637290151,8.115422080434596,8.122749272999688,10.0,none
4.060416688405655,5.482754384383222,6.971786847671468,4.466461507598725,5.310112721085676,1.5939277433457744,1.6209069998691135,4.830986042386969,4.177022212531547,5.912688616783886,6.255001130339525,10.0,none
6.987833096753793,5.444052208388447,6.784446270464563,6.957396070876733,7.133785232665461,3.6778686590388707,2.600528864206144,7.370980773417479,6.102130290670831,5.4480371666434015,5.846439664298999,10.0,none
2.6087111282966786,4.285988023178154,3.2816093587047863,3.558910828324705,3.9425897479184213,0.9925819398948272,2.535310978945388,3.413059565337181,2.6983227050053635,2.685746083894353,3.4874136971797927,10.0,technical
10.0,9.920951775792036,10.0,8.757692042782923,9.78172750961393,4.148957114925246,5.424256478560709,9.574940376767325,9.470162711207164,8.951116001655766,10.0,10.0,none
6.809046635170485,6.007890119692272,6.1900935853354255,5.318321328305402,5.770455914196122,3.8954770419335043,2.5960231975216495,5.242047067138168,5.900180172054224,4.380036410654837,6.145896399102656,10.0,none
4.7938225311768905,3.7806837215515157,4.513736202579949,4.648934469123655,4.838285745115106,1.971977078391043,1.4032193369501207,3.402361545163592,3.820312274573901,3.9464648431844433,3.518372567501493,10.0,communication
6.883758186674823,7.630893793380573,8.841821163012606,7.498222136276176,7.3223185367883294,3.1454220464253733,3.0765182475852266,7.838460900027227,7.824071678901416,8.19027479292745,8.267613699375522,10.0,none
5.1258939783453545,6.436635258711934,5.896571399991668,4.0318422304331785,6.478323241369658,2.0234822401874824,1.5177971463850155,6.155653359725507,4.1618714326922435,6.628052213461094,5.95595632778267,10.0,none
1.6914708085861543,2.1554114251965815,2.0327910656837127,1.5793522105856277,3.434333259308333,1.7419912899030074,1.4911770835360698,0.3070426732372402,1.9159905647156916,1.5582259091491188,1.6612702397366461,10.0,technical
7.277951014670424,8.568478719185887,9.12974230112198,7.105702288737538,7.887504971953755,2.9027459401864064,3.9351130231196096,7.404217768775689,7.364446334949569,5.963911755034877,8.274699856520323,10.0,none
9.99300274127278,10.0,9.647591855116362,9.873838247494822,9.492745935079023,3.8801781983503063,5.268947784778007,10.0,10.0,8.880798783339504,10.0,10.0,none
6.28741715819881,3.568639856586921,4.057647670137917,3.044293083543518,6.279217799347055,2.24128952257964,0.6586141474324809,5.417946774686753,4.498939323587753,3.0762862068238874,3.891099095031721,10.0,communication
2.8865144457997878,1.675320233780973,2.2535101667065605,0.5732593116562124,4.2188212100304945,0.8500232564928811,1.0203090773887957,3.835234391399621,2.4642461588789626,1.6545587882586894,2.5649057167715386,10.0,technical
7.793316193774985,7.915830765319101,7.401926090707919,8.872663744507108,7.2273888478390305,3.4128566272983134,2.4605772220129283,8.352241871147173,8.263638385176762,8.101455865331408,8.361993255058785,10.0,none
5.354673035335542,5.6615782008034445,5.609724288254567,5.537489033968848,4.081966962860472,1.6023671339133063,1.172052287222558,3.775985343663482,3.8117609349680857,4.3963235860145815,5.2978248937768955,10.0,none
6.720236828426373,8.550599381134539,7.892992120553957,8.144364535276036,7.127448432488389,3.9227091444109345,2.96278895550568,7.157372158944905,5.909306261937129,6.301735222126821,7.959335911251576,10.0,none
10.0,9.564242117490256,10.0,9.894399799859137,9.142012157947017,4.144069381827919,5.521654588929184,10.0,8.705059840042368,8.201251948740577,8.829074701951981,10.0,none
5.504930711168533,3.8631377699317593,4.1532384282955395,4.338264799528731,6.005960535161034,1.9196941626161574,2.3916435580615087,5.965587855607553,4.431209050724087,3.8294838004745513,4.277801952627425,10.0,communication
1.9186093497910048,1.9463913095317489,1.7768978985653545,2.105619223104537,3.664606930010843,0.8460047185550348,1.1421021443627544,0.5527645099563444,1.890826877101379,1.7569025824030575,2.123129840761202,10.0,technical
7.841067711841215,7.789832142347567,8.544767510350288,7.811882740861423,8.854200443862965,2.798100545535936,3.148650508426715,8.482115147683011,7.623208429673658,7.958247405039445,8.285294728510591,10.0,none
4.24708521960943,5.554842355128013,6.346330745236296,4.33933220244834,5.371300500731513,1.6870584493443435,1.2574875115601398,4.2986682395674105,5.013039336649444,4.301382161536936,6.165206686439092,10.0,none
7.738406329921198,5.679542138306992,6.251139207378678,5.089347575149726,7.000920846644678,2.911364773621672,3.5053876974687084,6.9557407592081875,5.553813368033281,5.182433235538067,6.532501960376018,10.0,none
6.38442100106417,4.189867294985075,4.123257996088276,3.725591194591483,6.572637967231442,2.608125584546379,2.265281412925654,5.438141597009704,4.340179030961852,3.3777688788404205,4.64531283751496,10.0,none
10.0,9.581163523169188,10.0,9.12254898200659,8.628731359545819,4.119072515327083,5.339717637908155,9.319005674628901,10.0,8.524102458701172,10.0,10.0,none
6.6545548131991055,6.111804645994261,5.84578262514117,5.733263679283973,6.296012782150367,2.6778488703183325,2.1779320202579195,7.331680506205971,6.685101956483805,6.192248441643512,6.11878528635307,10.0,none
2.7979848923847555,1.575759737556641,1.3844426615478054,2.8305350026586993,3.337185589647517,0.880759002798792,2.0342082837125153,2.7302327641827606,1.7062426086739833,2.683150015091861,2.0479973261115587,10.0,technical
8.203795136186725,7.942717531649638,8.229614073213773,7.562233451840364,8.013546185052917,3.421418055216957,4.626513648319863,8.121519377883509,8.270897147201612,8.251289839509285,8.512007144052246,10.0,none
7.133560469563511,5.944389708455516,5.839025374076954,6.9791312099855,7.3579652682938645,2.3376838976497174,2.9269185717413704,7.2667904926177975,5.63408576996868,6.4362516324920565,5.4502217443195615,10.0,none
4.972974488639821,4.121547410258301,3.8994604283082688,3.737230289788734,5.942152510389409,2.314002344073355,1.5406548727981804,6.089153447772157,3.630324177312847,3.9370926915877975,4.119411947723966,10.0,confidence
9.490189287583611,9.732960991111444,10.0,9.841097256564133,9.027809196758989,4.421094166522988,4.995703111572494,9.623737937574717,9.134095299173303,9.072414323805077,10.0,10.0,none
4.215337927911445,7.330239858155985,5.962056366011837,4.5467787927104455,5.562413777942512,2.0173510812020092,1.913123941333671,4.249649368913242,4.090548601503764,4.523656507336834,5.2164010999749735,10.0,none
7.263055475955016,8.23914715731645,7.415612634462215,5.859784418422297,7.416723325016072,3.2065623684541427,3.1011535782133306,7.465660361633325,7.576596552257727,6.294034381043479,7.65086078820656,10.0,none
2.7368424590240856,2.157455195233086,1.7076079224317122,2.223908891033556,4.469743339959143,1.2446414348862516,0.5492426639843193,3.127747118687122,1.1787189155172777,1.9370681164072359,1.4954258741457649,10.0,technical
7.506215702828038,7.931818861983018,8.141047912684682,7.995749620441531,7.270748307151797,2.732110875739009,1.969506454743916,9.027946138894592,8.494233946875587,7.971433298635926,8.396013301399204,6.9503395684057745,none
5.51121154891404,4.0821642439167825,4.1611713553344165,3.8495825609986127,5.435931178475448,2.4972779020559974,1.6278041350393329,4.597922881737604,4.903647695494934,5.025791234667871,3.6948077673195634,10.0,none
7.392678342610915,5.677315390004363,6.203377883573311,7.030603217760004,6.760471091840852,3.0025810585947648,2.2624035701265868,7.125727903908667,6.327542993089353,6.369087068621493,7.115643721079108,10.0,none
9.947519733020455,9.443950671015207,8.890670680330192,10.0,10.0,4.39603615510755,5.369038182112185,9.579649857138488,10.0,7.905190752630571,10.0,10.0,none
4.184448342801971,5.5370016682118095,6.359271938456764,5.444187585608709,5.983392987692822,2.2337509983310397,1.5847533402236693,5.527612339504672,5.852518814849729,5.712087652572642,5.073940712931735,10.0,none
2.822366278790506,2.1724407668531045,0.856422152109894,1.263148474191055,3.2832918179145114,1.3456749658453089,0.8945098663589048,1.760070910379554,2.00810789578236,1.3066452632178103,1.6521094678733177,1.411406741289729,technical
7.942611470973756,7.491355838884665,7.7036170461026625,8.087708021969116,8.601637634745668,2.413862424050429,3.142694718370278,8.495191097023184,7.213745101508701,6.913391171066256,8.364401765217371,10.0,none
4.324165976224727,4.218229561324949,3.506309965086583,4.750251122812321,5.122577245794343,2.2583576327893833,1.8474312138195514,5.195408674924697,2.576862595453578,5.981227687990591,4.034928624294326,6.866460027482798,confidence
7.282974613783845,5.399314993562513,5.416185225260998,5.437538701579351,7.628418908281665,2.546925333913525,4.19030868660545,7.212761559249837,5.963926365018871,6.507609114709386,6.262542981906377,10.0,none
3.0773675982057975,3.827075673143459,3.7440484305807353,1.8902304059927388,4.225830019415264,1.999192576859773,0.6700396750229825,2.4864258407183764,0.9824002779503711,1.9489471859604102,3.890415450978475,10.0,technical
9.753970094874694,10.0,10.0,9.647444330559315,9.156691230731349,3.2983750352224304,3.70651334415405,9.856753390943194,9.951035430512436,9.92277503818306,9.90725208074711,10.0,none
7.385538699111397,5.35332424658444,5.92834408456111,5.135142172622856,6.380649789792672,2.9170417248195375,3.3177062460615425,6.649014860703341,5.504162690787859,6.470869545722124,5.97206105107746,10.0,none
2.8473486235019196,2.464718241642246,1.6028287191382742,2.510500127751413,4.21938434752969,0.7918040270883757,0.6574173421916779,1.9401545437147423,2.6049707558912267,2.5525613676951497,2.32357819459301,10.0,technical
7.7755164046702605,7.21022576242006,8.205570363939337,8.44278269375267,7.859562166965095,4.225054787299298,4.758907498589941,8.42311378004779,7.3635268471506485,7.171793886887843,7.4618464653686365,10.0,none
7.428942306704856,5.974574007803783,6.2254447218056965,6.231026379789419,7.8004083004852305,2.852495467811737,3.1518339059402516,7.38104187040607,6.184710315516208,6.037122801819205,6.231188327749612,10.0,none
5.893495594582191,4.316410436132816,3.48807934788467,3.4315282035751995,5.373226450328317,1.5575773834079119,2.9904751588779956,5.26664672794265,4.085073062800025,3.3338751206506236,3.681417916514433,10.0,confidence
9.352624837777757,10.0,10.0,8.748348138569721,8.696518655624688,4.905106400181858,4.151395167845457,10.0,8.668221284543506,9.304111394139795,10.0,10.0,none
4.914560015439527,6.058482374393735,6.196680340699449,4.646993739662069,4.460554967020202,1.3233637034417547,1.1782893854305918,4.534078325552813,5.0596987809186755,5.227597185649761,6.597221338034022,10.0,none
7.408393676916603,7.8924555319893885,7.741101107613121,7.0073012135818535,6.8598998850991695,3.6791842434181627,2.980204888104972,7.2326423640873205,8.43367839535292,7.5633318608372315,8.482021865818536,10.0,none
2.9118603376752668,3.3005955019319018,0.16093125093335825,2.0241967844433337,4.391362286539117,1.0103333551417857,1.101398487700415,3.3453715620049063,2.0706464839620105,2.254833771957824,1.6284272522683527,10.0,technical
7.910900310898151,7.5288153477439295,8.950636210198386,7.79115443426163,7.472658393616321,2.440289381886191,2.8950244620090264,7.775241288092934,8.662237605900273,7.494931345403544,7.910219462388647,10.0,none
4.25735132105297,3.743187017664434,4.481608693744506,4.17910885812364,4.168646248977571,1.6906390374139577,1.321276962442553,3.8752526558799065,3.9783432688138105,3.806869476726003,3.677621835183467,10.0,communication
7.384768425825769,5.798308708225715,6.349565368417476,7.727525022206225,6.575438743964117,2.7418728164478368,2.9458916499818137,7.042970141059249,5.716422962921715,4.5111161539976345,5.955521304430727,10.0,none
9.790195039205742,10.0,9.64486795084719,10.0,7.856535985663817,4.049699555505242,4.802502337538807,9.450459756311062,9.97384403915307,8.55950829757739,10.0,10.0,none
6.055974220489589,5.85827034791244,6.8472841169627126,5.1929351315101036,6.359349886390152,1.5305785483362966,1.794056017618258,6.291405177007261,5.854904350076282,5.141149241465475,5.428920551509343,10.0,none
2.6499278008938645,2.2998974603896105,0.8882712279673883,0.41620046643888176,2.6646203683347953,0.8727644595024375,0.7147630390251505,1.4302719032860756,1.4951565653505732,0.8461828231470171,1.3817666802124038,10.0,technical
8.048808852750879,8.416013961067389,7.670206360469749,7.99334187463153,7.72301396980395,2.913895822582758,3.597128726261746,8.990419489824841,8.082281791589836,7.2219407886411355,7.973910485201406,10.0,none
4.759075693935914,4.016320761520486,4.373486797853427,4.656830566162205,5.078061196892513,1.5218855124083268,1.5970072588033573,3.79032426518051,3.582855826113839,5.607722716474883,3.8577107099817356,10.0,none
7.24784840536209,5.68747118665179,5.7419963309255735,6.449993222665645,7.286474398176911,3.170022376496868,3.0603513551479913,7.475294352658661,6.525174197193004,6.051329712384173,6.789933649741777,10.0,none
2.5337389429777244,4.172457394674117,4.195224402055848,2.2298324594445567,3.9318563438881795,0.8024840144887077,0.85979404050325,3.279260672926765,1.1053978922106729,2.3256341544615724,3.7429310920978134,10.0,technical
9.918092665237566,10.0,10.0,8.898191360874405,9.144970109110565,4.085290772419762,3.625384423519917,9.855065199201032,9.413647194112638,9.481637079934607,10.0,10.0,none
7.4576915312681455,6.111603620391031,6.343702311760879,4.490011613768537,7.469340368323163,4.071694681142298,2.5794047562642417,7.015708494836619,6.426108604654056,5.762565334334152,6.399378562881115,10.0,none
2.768930866920952,2.380206929872007,2.5173527329212484,2.2340031248344223,4.021818693584288,0.8131016061594685,1.4179906909328968,2.8417739599211185,1.9655723126118203,2.4823947426433643,2.033952970956391,10.0,technical
9.794338583334872,8.517260042476464,7.724839231529158,7.339613972748478,8.377105502395763,4.995558331592555,4.201690163709869,8.622000086968615,7.261464202272941,7.8422480222112725,7.914071097359448,10.0,none
7.640577299193511,6.26798415921278,5.186489172936234,5.853234257632375,7.16126678943129,2.9400516602070272,2.6429627413345234,6.75683347207832,4.953098587326485,7.037980924793439,6.171041401088739,8.943895346408093,none
5.2085206308480565,3.4937785805527097,4.18337976891115,3.585556916235925,6.297016168202347,2.718050762470715,1.7253904144200298,6.434177421643647,5.037543765359054,3.836243992522275,4.980121732265779,10.0,communication
10.0,9.09076260050686,10.0,9.501190319800315,9.451016517577516,3.8496600195645367,4.039615069686945,9.694408404773817,9.350570159804853,9.827888660937361,9.993876065493453,10.0,none
4.06271122272165,5.6912943742348565,5.918891684571139,4.912996217951578,5.762553336557801,0.8586227811102294,2.5493499079965076,3.830130059650009,4.205220163064112,4.596230800292536,5.898828991695795,10.0,none
7.587373474851224,7.7589875813242735,8.19322047465333,5.888962210950488,6.86657176481041,2.416278630411353,2.803080762072281,7.434268961554931,8.221137710635094,6.313401665902371,8.10488391424081,10.0,none
2.604312178088136,3.6164600926914803,7.393761566395794,1.8922533355936437,3.492882700607787,0.029040289185596688,0.9823343556354388,0.0,0.2635793574410907,0.9209310778720792,5.494566960650526,10.0,technical
4.263412334619668,4.990024215905448,9.781378236668909,2.603363733364092,4.38857162569773,1.78353474616643,0.0,3.2574114230120528,0.37838804857676334,0.2764924950518554,4.989030530120965,10.0,none
3.8329386857621843,9.443776961633256,9.519896974640174,1.2041894098991466,3.646005296214804,0.7579577376593309,2.0700330589217084,2.0583332793262827,0.3330476888864192,1.5313768056124026,3.3230141030943883,10.0,technical
4.344739644011073,5.065648034322289,9.240036416240088,1.8222179261741547,4.039413244086619,0.0,0.02680256483172161,0.0,0.0,2.1670648220826085,5.478064580122196,10.0,none
3.6124895558134478,6.2895074051315305,7.901470968412321,0.0,4.479212246315823,0.7200643328920249,1.786322382178485,2.341692765446041,0.2358453417165455,0.8828804734454049,5.298163620569777,10.0,technical
5.390665387397092,7.7084609548421605,9.541102851965196,2.1799071522303954,3.658227257188716,0.0,2.4514852788990824,2.369152366799925,0.0,0.49750012352476053,5.015385968114291,10.0,none
3.389100355840296,7.990235869874667,7.245584257521736,0.0,2.9789375618318203,1.1591149371129004,2.8620793183258755,2.1958363317129233,0.0,0.4892486011204343,4.911571323825249,10.0,technical
1.8744266269461498,3.2025080453569195,7.958696149219488,2.0440271524750186,2.9605445712381484,0.0,1.0999231488559962,3.207696453064296,0.5357388069853416,0.6478046059287136,4.259325656949789,10.0,technical
3.6669832284201895,6.952143806085405,6.077617281923176,2.869473360582311,4.647918278243395,0.44786161463312546,1.978673702214813,2.12015829084096,0.0,2.2446968719487,7.048416011369306,10.0,technical
3.544148685539141,10.0,9.356024365145633,2.3506489970333266,4.5268473765425075,0.1475982786734652,0.6229321389176845,1.3794912632728766,0.0,1.4764579481226645,5.445614030181223,10.0,technical
3.1868495720174197,10.0,10.0,1.0731699372481394,3.914647091581051,0.0,1.187768497003431,0.37431762425358917,0.0,0.589266461262887,5.768911932034878,10.0,technical
3.3617692424084535,6.789131859103438,8.608593818821712,1.4763962081652102,5.327253544046705,0.9126569117078692,1.792565047997572,4.317827912229069,0.0,1.3347047450719878,1.428840388764574,10.0,technical
3.2050841604955007,4.467009631633745,10.0,1.6062020472442786,4.845934820303554,0.4579800008349779,1.3906652843513436,0.0,0.0,1.878812604451638,7.608048735463628,10.0,technical
3.3932132823229657,7.736437073952082,9.386362176183592,0.42773238893174215,3.152334642621099,1.588861580858129,0.0,3.9477577034762823,0.0,2.009985084818089,1.5461381970873287,10.0,technical
3.5308743499456847,3.169956440630427,10.0,2.721160859175315,2.939580927381074,0.0,0.1308970931100411,0.0,0.0,1.26922971181271,6.997258848007163,10.0,technical
2.763573310465048,3.092531012939354,9.018493414326112,0.47857665185785925,1.959506334863626,0.0,0.9631383021015352,1.9687106605235378,0.0,0.4962191161901089,1.10659100228268,10.0,technical
3.61646376464344,9.420260236746493,10.0,0.7302913204347188,2.3017067712611796,0.3940164013576754,2.1730614927947682,0.0,0.0,0.43836736955863914,4.649643590804371,10.0,technical
4.296665601595822,9.786933958522546,10.0,0.23820325667384423,3.3713330418954923,0.38267333872976245,1.9768261577462307,0.0,0.0,2.0088204945710206,5.345024095570229,10.0,none
3.1327925062914814,6.9548043084349995,7.17624366819686,2.627841593611118,4.247110162099674,0.0,1.4272993884479046,0.6623377767360108,0.07868133192501198,0.08646606963792014,5.516299413110881,10.0,technical
2.638725660686307,6.742285271049446,9.12577311340767,1.0365938224220836,4.742909897575059,2.1010307809206235,1.0135331622794086,2.7776004447589795,0.0,1.7569967691271249,6.644378878065542,10.0,technical
3.952069068795783,5.649634577151013,6.661719127891006,2.029532663837756,2.3523280395911343,0.9031585209576438,0.0,0.171592288657695,0.0,1.382755197638131,9.202230609654771,10.0,technical
3.0972513311300665,4.712444403619019,6.684032565800821,0.9208445625042436,4.4470534233917,0.6622842212788003,1.1917563127521162,2.6375771447976244,0.0,3.219251940767984,4.264200082576667,10.0,technical
3.616928340628647,7.123284022064141,7.307257769122298,1.4777113889565634,2.9143824781756273,1.3612476418156167,0.0,3.1395328150387507,0.2312436377614011,0.8278669487894902,1.361709959057594,10.0,technical
3.6530570926091954,7.302368021332402,6.394720819040009,2.7563223031833877,3.1898204830447767,0.25814778678297123,0.0,1.3884852959970446,0.4875073947379783,0.47462159981669166,9.107924681129852,10.0,technical
3.8419962529397944,2.352455510760603,7.212852527855401,2.6165865991452515,4.31399462965786,2.3294596919226453,1.7543619740139291,1.9557974545858405,0.027360627701783324,0.4780487853835789,9.28987113290807,10.0,technical
2.8014129878018466,6.458572662644567,10.0,3.171799407095852,5.186319572791874,1.5032721942297989,1.588588456147583,0.0,0.0,2.777172921443104,2.4884929603891774,10.0,technical
2.7402016871729677,4.164296872670362,7.161993492301267,2.148977955194391,5.23438379710071,0.0,0.47853136288943976,1.6750972318849326,0.33045498301463216,0.4508626692998889,3.260405558360507,10.0,technical
4.419975536851153,7.056389463729601,7.093072503171904,1.2599225989428615,3.821873040451792,0.6952326135935112,1.0296293174231013,3.834323716394285,0.24790065949302822,3.5637780701979103,6.752126993067295,10.0,none
1.9575911686943694,3.8267253739991554,8.593406735056208,1.9777871390208164,4.960937070466676,0.11965286389874191,0.0,1.5872152829092323,0.0,2.139119026586643,4.8985407588915875,10.0,technical
4.7997180885402555,7.7247576027708895,10.0,0.7765933798827327,3.6556873430232377,0.06729877747041295,0.0,1.4167724315238635,0.0,3.1597570511389423,1.383717351563651,10.0,none
2.828199018602352,8.02265653690738,6.179031675380923,2.0705195217661485,3.719094912460246,1.259534557267998,0.0,0.0,0.16738794601303583,0.0899401041673284,2.2417309381820103,10.0,technical
2.8868936300738306,4.908138635821014,8.967737215527976,1.6192224595513434,3.3078287021225234,1.6071574826160688,0.0,0.7709282787727052,0.0,0.3739641908999405,7.243130368066775,10.0,technical
2.6187494738708583,4.637720821736581,5.785971371960083,3.9799973318630633,3.629281354468546,0.34352528101433816,0.0,0.47042333724869506,0.20405429545484022,0.22637782044931604,9.885362515181026,10.0,technical
3.255799768267985,5.71640233628574,10.0,2.6715201199952627,5.004315727872483,1.7488153416435162,0.8443706667661102,0.0,0.5797995150580035,1.4862709705213437,7.920733486658425,10.0,technical
3.787124006232318,9.166759596542587,7.999673753836709,3.1587827472933347,2.7845847058191686,0.8200048872181573,0.0,0.919488908227609,0.3543144762562262,1.8932138176404123,7.787306007637575,10.0,technical
2.9901097986057055,9.38568866779186,8.744156952393181,3.2199589980200685,3.2547082774452876,1.9078780043942765,1.0200796170573647,0.5785537316225629,0.5554142231101293,3.926189278819679,4.355669954867823,10.0,technical
2.0050322041778283,9.151452782615257,9.217788153714631,1.864931795117741,2.587866556760639,1.3628732020911771,1.0255608869319486,3.80830247603686,0.2922636774912023,3.2370781136912017,0.8322827936369737,10.0,technical
2.7595903810449363,4.962731122991966,10.0,1.611027856195971,3.8976166276845725,2.0560620191061525,1.459740109951424,3.537885754879367,0.06167349415011067,0.7690058107667633,0.2644422082208615,10.0,technical
2.9635522870292217,9.68278019357348,9.243692828307887,1.529820703458073,6.072312874722934,2.964295340999897,1.8993271173083017,3.1304405591348567,0.35443102464881027,1.1686384727562256,5.016903212113156,10.0,technical
3.4341732678401544,4.980588350763342,7.549338279127053,1.5189658162416955,5.494450224330336,0.8010719560171121,0.057348747381922804,3.026260616135176,0.059626359760232686,2.8126245138730845,4.5519856751069065,10.0,technical
3.6661648631040302,6.833067224046021,8.22483071413164,1.8570664371991414,4.085230533079249,0.0,1.126852072427284,2.32112714652146,0.0,2.255187873099485,7.0631566249806985,10.0,technical
4.924960598609965,4.663374209244306,7.962558168951898,0.17931351284867197,5.742365599530971,0.46784322909626497,1.22306341508715,2.1493028436242345,0.06494890067902753,0.5444757338955448,9.982864565599796,2.51548977873368,none
2.6761691254375535,4.889499411257979,8.7846022697708,0.0,4.9369529667956815,1.7708281053308705,0.1488231941597349,3.5407210085814977,0.0,2.486922426755971,1.5619762954911554,10.0,technical
4.6414684424591,5.101108990785625,9.879032777825303,3.0878618077156914,3.463060172056473,0.6013649384850461,2.388002257574932,1.1935437436880252,0.5580326999872777,3.322075457224825,6.588568880744623,10.0,none
4.58482820682284,3.3655586952378447,10.0,1.6644980611894644,3.1697478894205546,2.3345013387056763,1.8011728265362272,0.9956301661491895,0.0,3.1449666140759116,8.527882095639757,0.7996350657702824,communication
4.534603463288451,4.2643295653588,8.288186614246618,2.4163977819509825,4.088048774877353,0.6868981197734767,2.5337241300441846,2.817759575224674,0.0,2.62875643431078,3.392147071748352,10.0,none
3.9754304299131826,6.545459714376981,7.259515861610009,1.9844002160171599,5.02493306560586,1.670039862394245,1.5573963597743021,3.4978376230732304,0.7322070923108526,2.646357549197961,6.635011341815416,10.0,technical
3.6731979789296143,2.557013422472614,10.0,0.9099804947028893,5.519914735677487,1.3283940051407623,1.7616451337311847,1.8518147004907235,0.0,3.3635542862720973,7.73511518907158,10.0,technical
4.185068359503286,6.890113798594508,10.0,1.2323480700859242,4.055314122766114,1.579789065817796,1.1651325464149678,0.4220535900507142,0.08678326826868914,2.1512181054704276,3.6147949378827153,0.49054193879578745,none
4.035680846652349,8.865896072265334,6.153255554354244,1.962188255165394,3.1467686025172212,0.1543643613039388,1.7220401230969014,3.1408694456069544,0.885327723544132,0.829197306949416,3.2328751859912863,10.0,none
2.6618090363728872,9.766657578294248,7.433517833674936,1.9694129261037254,3.1884872442751124,1.6710335427428604,1.1257078173787218,1.35888033887497,0.18407033075933615,3.472145394532507,5.350423695982943,10.0,technical
4.63700451552038,7.359702409437794,8.463349554532405,3.3510650156110344,1.979664753704204,2.6572775796198083,0.0,3.5758021335608556,0.3908538910562555,3.4259262190411364,2.290860874615791,10.0,none
4.966317956101699,10.0,9.124646818942203,2.0487326709091924,3.4167135638364536,0.6082490326781388,0.5367884299128024,2.855474323807287,0.0,1.2861203624227182,8.955829037483294,10.0,none
4.365882356342087,6.557495246813595,9.165163826039324,1.2248774594553264,3.5125810960070076,2.1713791553865986,0.0,0.0,0.09136790077986548,3.864439559008568,1.8154294410364593,10.0,none
2.8817872870518317,7.284060012071606,10.0,2.045891958643161,2.6470689457040497,2.066139260085219,0.7781409261251249,1.7083333476909706,0.0,2.8962979627412406,2.868332833769135,10.0,technical
3.631709853379986,6.3128330001393556,8.631374203114165,1.6212242050487091,3.3839707302533943,0.346454250799459,1.5904989485334227,3.785119924854517,0.0,1.6674607843927562,0.0,3.136031882075123,technical
4.528185391204701,2.7067917355061324,8.899938658150441,0.45581468169530015,4.526147371166298,0.8982846785075089,0.0,2.246264478568578,0.0,3.016342356691631,8.309489118093477,10.0,communication
3.4264754494481147,6.866538179451778,6.865248849209931,1.360893889323103,4.877797531071191,2.1294354114895615,0.0,0.0878317124127463,0.0,2.6436849025727285,9.648101735472585,10.0,technical
3.929935616823202,5.922614450734649,9.01055773336326,1.4497640106462044,2.8341494612467875,0.3672201708555769,0.22426240113117457,0.0,0.425955783220275,3.0110480995912785,7.719909213160545,10.0,technical
3.2667480146569847,4.994296246990216,10.0,2.6007249356242705,3.101325453763999,2.5906518551374136,0.6794494806421114,3.1651797225098486,0.6106900289864667,0.12939556633059168,5.755940164114852,10.0,technical
3.6684089043096697,8.719461396209761,10.0,1.0568762940555412,4.744734088659663,3.165837753142262,1.482431248780988,0.16576477134041817,0.0,3.2340617856305434,4.256470932858809,8.020154615292746,technical
4.433055403288355,10.0,9.554081835394987,2.1791282107259122,4.536791727394151,2.057168705273737,0.9081563837807787,0.8702264183553908,0.0,3.4024506054690775,0.4893197424593675,10.0,none
5.5525779153798105,7.260578535147543,9.4679881560951,1.1855701025696914,4.574561244881414,1.7318641924728206,2.2101251656328103,1.6772844328534826,0.27019304731179383,4.44050480662056,4.866857640253222,10.0,none
3.2373472278665094,5.922650095004672,7.6559451368645295,1.1109804046184475,4.908271413162448,2.42062723767088,1.3075208283984556,0.5481549020254577,0.0,1.569067322196969,1.3111253920186883,10.0,technical
4.247308075324659,8.088244084561412,8.512446701391195,3.100571910314265,5.615890144225446,0.8775831767942068,1.8997603671403778,2.866775483364423,0.0,2.206243762402057,8.69147413351297,10.0,none
4.809288482110494,5.63883931695258,8.358302870904577,2.544251797166938,3.788623567985664,2.5193482742342432,2.2471465403015487,4.694761897411061,0.1067337183271745,0.0,8.039010770559234,8.303227951714174,none
3.7336782621581053,9.961490764365323,9.90717332957612,3.0326562042271132,4.540710876769527,0.3432994514306379,0.2126613907382646,3.1591131460223068,0.6677702280587713,2.5289609748723008,1.8315956655677934,10.0,technical
3.7754032593885136,8.241447402027319,6.781245303922696,0.6167142001264824,3.7134424972397944,1.8289758172721033,1.7310555712224112,2.2087257351217193,0.7345841250904099,0.026662073248559404,9.319633175999595,10.0,technical
3.3025481013379663,4.484929329137597,10.0,0.9804291235300642,4.35798491044713,0.0,0.19236333197834443,1.0134694591868745,0.5694216602904839,2.546844553473994,2.986610193458341,10.0,technical
4.715547990147988,5.065951971874888,10.0,3.128900678520018,4.382963932833202,0.0,0.7595738279051191,1.9733879487124155,0.0,0.9535801131053365,5.532571427688212,2.2065350129319965,none
2.8372102283525136,6.117901563968579,7.006857065843661,0.7422987006919994,3.4018590214272955,1.7187632259972125,0.021045051487973532,0.0,0.14834006381955245,1.8411534939765877,1.4956541265712329,10.0,technical
3.3809436280461576,6.542643162678257,7.7714105277632655,3.6511337937682686,2.808284997358392,0.0,0.9729182974128815,3.7583323231405568,0.0,1.6814633004844552,7.334733998568051,10.0,technical
3.0511817902727016,4.78275891785306,6.288678512666814,2.9378460893314866,5.593214024830757,1.0115571584241458,0.1427718720513863,1.585631369630954,0.0,1.7083512191946675,0.8586852029436361,3.438162884976401,technical
4.410522872386676,4.47217913194033,6.316570709879996,0.6684625521478773,4.530531786811359,0.774403059816768,1.6249300007880083,0.0,0.4763332887089273,3.039325409006537,2.2651108496985217,10.0,none
3.6142725578860144,8.717309170487178,9.442636720434127,1.6443734691719416,5.434187054270305,2.021189145083857,1.2455892632480903,3.539110553021009,0.7857907906032628,3.648847508819938,8.140273745267216,10.0,technical
4.680082768476059,6.852050733218703,7.649850757949098,2.6539621295328737,4.922901471293279,2.4254467577864007,1.1571687602691585,3.72023928301866,0.23492682955313476,2.903896320913192,4.500730429006235,10.0,none
4.413679286654701,7.458574234140192,6.753390987323254,0.7549757008141482,3.9188593986611493,0.39450394892552526,0.7506235889281877,3.6453272612097676,0.0,1.2719682301575272,5.557343980366516,10.0,none
3.280801923566669,8.293800000790766,10.0,0.6373503338385758,5.108686179561328,0.0,1.3542439058152294,2.820679246893392,0.0,2.6298553581153516,7.433406479896487,10.0,technical
3.1546318647252574,3.5697869392310104,7.30430615713694,0.0,2.476677612431595,0.0,0.31911950644173825,0.0456509522570207,0.0,1.7535440577837151,3.850546452169343,10.0,technical
4.202137618353642,5.5012418132961045,7.879511577753364,0.1085901965601024,2.4986798141243467,0.6259150261438242,1.3469206726338665,0.0,0.03819480365322222,2.3688143164357127,8.073644454479615,10.0,none
3.990370040038428,8.7092087747141,8.977663891427593,0.5388443643474503,5.7364771298846335,0.0,1.3237642360057216,3.2779548814710244,0.0,1.411256098552828,7.032991757289274,10.0,technical
3.0962898969566757,8.000970181644186,6.488149571332119,0.4348272788696512,3.818299803492059,2.550836274770334,0.16148951348858204,0.4355449339997212,0.0,1.1042986961972585,1.3519359099065122,10.0,technical
4.033201053664809,7.485614771338429,8.021336730967032,3.1175871631575527,2.829480074238512,0.43277762969120487,0.7129011195456467,3.6164634219540934,0.29580655367833375,2.4020477382648213,5.168295003750822,10.0,none
3.0156041133829508,6.116650232505247,6.647208813929428,2.6009895931996585,6.131137120071269,1.8671866763608884,0.0,2.999032984306851,0.0,3.77450886924912,9.395533136241694,10.0,technical
4.1076499150225345,7.994460704621974,6.7929425031973,0.0,2.5518811340746854,1.7948979632585111,0.8278048039722097,1.8326894543262269,0.25001065509190784,0.5336642754490628,3.918017004826101,10.0,none
3.494311289696101,3.9864796468471666,6.576938144473133,0.0,4.8906970468027,2.0822516822781227,0.0,1.648363813143547,0.0,3.522595458526726,6.640916953828693,10.0,technical
3.237548603996649,5.946660662609166,8.650450592620778,0.04694854778719321,2.5424451347842716,2.4827871653976783,2.828586400864841,0.7533810921995356,0.0,1.7237649267647024,7.089605447677892,10.0,technical
2.9363503996185796,3.5538820477387034,7.488621542742377,0.8725066421905465,4.516258798208285,2.5338680811434835,0.0,2.694187922784919,0.0,2.5766370144395063,7.754426358053046,10.0,technical
2.4316063148460696,3.343334251932945,10.0,0.14860456541928513,5.758770517677718,0.24777231090283378,0.8425086702972935,3.4738049953533796,0.016335023936383797,2.7906541383015817,4.729096483786978,10.0,technical
3.9848598649511042,3.928359859120931,10.0,2.031225524287652,5.249553373448081,0.43299618480802016,0.0,3.071243228089455,0.0,0.0,5.025100812931403,10.0,technical
3.721491227808808,6.101786069729359,10.0,0.5403243037298557,3.324838513983131,0.0,1.7973178693205965,3.3218000057376944,0.0,3.9693462579817167,6.106877279388986,10.0,technical
4.216027544621851,9.303678608074263,10.0,3.6096626571079042,3.6252178163668356,0.35733434736279934,0.0,1.9167992773287552,0.23934697544570635,2.4966376673493267,1.3722042028307073,10.0,none
2.8054988684423976,4.1786982047636565,8.515683234270755,1.502714797943297,4.691549419378325,1.7191871433791743,0.0,0.3669823141794358,0.0,3.75621699698181,8.97190033936204,10.0,technical
2.649077024961658,3.509923182555051,9.28338397874043,1.8027638177360261,4.607937882183419,1.398246544948357,1.2127327047777352,1.0572548793096281,0.0,0.6550483468465472,8.256981098554677,10.0,technical
4.757635317690843,7.282762147178866,5.78005841139062,3.3312784763203807,5.00994769870757,0.0,0.0,2.3508175413267582,0.0,1.503207762937194,8.197629064419019,10.0,none
4.569141991720363,8.222143280516066,8.726380566734564,1.657842570907981,2.8727092121792683,0.6043557306454923,0.7195993689246167,2.337491386553113,0.0,2.732873858625593,1.5457491871820677,10.0,none
3.544905379552395,8.023874095468685,8.33848077924221,1.8118125948634625,3.538864965636737,1.733982063087123,1.8871889019121475,0.5225164592615763,0.11019330120052279,0.33957114520020587,7.820676422340834,10.0,technical
2.7397527547088005,6.046408528074772,8.286418258313116,1.2777532547700037,2.5151994035045426,0.23934145788535033,1.6736590381155767,2.1321788864861304,0.0,1.0848209797048576,7.509017151543218,10.0,technical
3.506754324613106,4.46310874284638,6.90773190096214,3.649300998279317,4.017964999502996,1.8661920659022302,3.248672639169074,3.3702309489588735,0.298461500994761,1.7559256314310407,2.918797681062158,10.0,technical
3.7920367172340104,8.531823843883323,6.821541159983097,3.2358477601968323,4.934537324231476,0.8831847258904677,0.9069950391726733,0.8179177522668984,0.5307111200995079,2.184472264251719,5.290378131523113,5.210392625747937,technical
2.947578238989458,7.21221528349213,9.074065682631868,1.7646893121170955,2.336022629149087,0.8246968497780337,1.7703018279936635,2.671493800221382,0.22542498123243387,2.9815243906384548,4.168197498349112,10.0,technical
7.188012896091499,0.9321070747841644,6.062426301453485,3.1783336435533633,10.0,0.0,2.704036973424402,1.925010057055043,0.23961434954671493,4.246834593155404,3.35187572838125,10.0,communication
7.239055216765933,0.0,6.703127444894356,3.0877854395225386,9.472661846530563,0.1490085144886721,0.0,2.979958373089798,0.2631928212224069,4.094996973110493,8.856829780281384,10.0,communication
7.275272340992551,2.2134927216445726,6.5299776323823835,3.825325712454196,4.7585420886805085,1.9333520392870138,1.6131619010466247,2.259508840894923,0.15592720359825,1.9526240433772601,6.180148587080591,10.0,communication
7.295267952776428,1.7954930971759038,7.602211969390473,3.5594585515187136,8.96682957069073,1.4260071990129934,2.926222411955237,6.03547618852254,0.06733079620238805,2.6205914885415917,6.653883494536378,10.0,communication
6.300085949042856,3.2003994325683838,8.179822715574947,3.0590731130197764,9.675406448467804,0.19008428725524534,2.993762782222101,5.366489399262653,0.013352961465382535,1.9363721389144173,2.300370821258375,10.0,communication
6.815413027632371,0.8798564769892305,5.733039161571555,3.1706981333465354,3.8308999809235247,1.9073241364277334,0.720398635883729,5.6942517807849775,0.0,2.874235801831385,1.4067192665961123,10.0,communication
6.267009688098268,1.7977020186510422,7.841974582753661,2.7919939998343946,9.453537664619992,0.0,2.0313953336084314,3.518655620710033,0.0,3.832683714947451,2.9790027360662235,10.0,communication
6.901617615248931,3.1656801632844935,7.92044911779402,2.7721373409525807,10.0,0.2388574206649937,1.5366013203562814,3.4034578147679766,0.0,3.8418613724738426,5.6150682025669685,10.0,communication
6.6813195382548,2.341209544900285,7.3981960894202246,4.7470863335911595,5.000879787919047,1.211868572906476,1.1136128217086125,2.396987038321546,0.12304098555934342,2.788944332770794,3.55389918156815,10.0,communication
6.78980695709628,1.8793678710019084,4.968333572135933,3.589648001240074,7.432516363039179,1.6976904078593575,0.0,1.9240286751847044,0.0,4.426914974316392,3.3757552881327615,10.0,communication
6.444795911910978,1.17428818344562,7.862512833050887,3.5305994685973676,7.738728441892863,0.0,2.132310782277992,3.13544929881966,0.5274314930053042,2.0375487666226384,4.984242136126582,10.0,communication
7.805528947182474,2.0622413204109904,9.093847348809259,2.890832070702952,5.980835544845249,0.35798869060088145,1.2730280364856752,5.385496878418391,0.06037646053367325,2.4391257374771613,8.005598649490496,10.0,communication
7.448721675808529,0.7736989761255985,6.504664008424392,2.4312734554233186,8.215762705408363,0.0,2.8677341680432313,3.6873909905790847,0.0,3.6047314969792232,4.362881712724962,10.0,communication
8.0923285876112,3.066877410618882,7.176225462894144,3.1778300898863994,7.912528540056347,1.4942757150117867,0.03504195376046796,4.0454986900184355,0.0,3.887542223665135,3.705867989416534,10.0,communication
7.563555322383678,3.4295813600986667,5.8537650817669835,2.329056345298883,9.485761140127943,2.6413342360773404,0.5244603793049789,3.5301887239036005,0.8167634405153531,4.582986965596458,6.147591097682634,10.0,communication
7.005065251523845,3.6352064918412266,9.060362974490923,2.281208766494682,6.2792308052916,2.063862422123434,1.376843100763802,1.8104684691881832,0.0,2.1641169022986806,2.0642616330904917,10.0,communication
7.981900168069041,1.2115736459471673,7.86956708084855,3.0208652391368216,7.568341302384773,0.1388730869384596,0.4572173781978246,1.6653363586725018,0.2946790202861803,2.6935832093337266,2.062466783916165,10.0,communication
7.606342493815355,1.4687220869085627,6.708199384577448,4.742497346564062,4.063182161795605,0.0,0.0,5.8599784785326285,0.0,1.4903394375977006,1.268921248959966,10.0,communication
7.9829167545148705,3.418277130753104,5.951457113388496,2.945749894450032,8.5268462941282,0.07072236383338527,2.2573407332353153,3.5691797434997614,0.014957605395920752,3.9492287029968645,4.332725968510323,0.0,communication
6.4484307568841075,0.0,7.520862876661303,3.2779514538135817,6.636784948142013,0.46146356341588757,1.1755343477409292,5.058011483226694,0.0,4.453332637578994,8.128450299599315,10.0,communication
7.6918485705613975,0.41078156745565175,5.459153044425543,4.549918283816696,4.199336390544706,0.21730095679769124,0.05195710673827149,4.228273619981544,0.24353366826086406,2.0937248418255274,7.307210710874403,10.0,communication
7.249041434227282,2.2029059637601405,8.207153298268741,2.079903708879461,8.657818463855964,0.4783960671301749,0.6815045110481046,4.497812383123868,0.19884886362839904,2.417803789276246,6.783615762669296,10.0,communication
7.431141283654873,3.749497833397038,6.815978323708793,4.1594697088544805,7.747576914101807,0.36303294009887627,1.1428615230595602,1.9589441432942125,0.19430874441184234,2.0928986216809835,8.307098091271143,10.0,communication
7.491580254073518,2.4033766138963255,9.5621348854054,2.5539808807202427,5.031782214729816,0.0,0.8594815228304123,5.900237535832721,0.3636278157751153,1.7499737497627423,6.19930985389126,10.0,communication
6.989398514602437,2.084059264997771,7.299271908504788,2.418602332543656,10.0,0.0,0.1705435085002956,5.318870763160294,0.0,5.034556062236065,5.7719693766165365,10.0,communication
5.7900267669325105,2.4288205425170943,6.088358054919963,2.2952253465573857,6.898874323604904,1.6237767068002433,0.12734438874931264,3.7522488517713706,0.2117264340010688,3.820685138194688,1.7293807220717148,10.0,communication
7.077557693979978,0.3611421821969422,9.214692005048086,2.952056920833783,8.459039045800932,0.25046280738307314,0.7618852775407703,2.7834930251801686,0.0,2.1855193315397528,1.1917864510094938,10.0,communication
7.221988897992979,2.4316944369478266,5.874938987199277,3.782949806828502,4.794817379864544,0.17268260013430636,1.4211040418381193,3.472238846854904,0.5023346018357048,2.906232491279461,8.279354767073373,10.0,communication
7.710666029452631,2.7490909703873783,5.8582161555806405,2.806296764585136,6.8580215380607035,1.4563790661395095,0.42483902106598503,2.8991515225603877,0.0,3.5447044740065774,1.897197381748363,10.0,communication
6.502032282799483,2.5636699722607075,6.138495997267249,2.3052302280894406,3.912071204923624,0.3982657188405603,1.672404163134011,4.272856735982413,0.0,3.424495883234435,2.9364721543910584,10.0,communication
7.91030033573877,3.6981769463384397,6.79147994354552,2.8924733446862523,5.139152363634458,2.9065311677172896,1.6704209394513974,3.8724028866933424,0.0,2.946930636205991,6.504551735992011,10.0,communication
6.63898277197482,3.3445839767221237,7.458254513820501,2.720457264211781,6.797162624899688,2.920848396581816,0.7093227748607174,1.732848387193154,0.23698433148328435,3.144199498549654,8.145452994690459,10.0,communication
7.075339361510377,1.0736961200225505,9.058623211527797,4.034779884121203,5.436786988580739,0.0,1.331858615289934,3.536281349239474,0.2689953242903579,2.002814472683951,4.704241229695104,10.0,communication
7.64807286028763,4.550632434965779,8.008914958738023,2.131099347334208,7.25179638181228,1.5927657209261255,1.2240504932725835,5.2250836264570415,0.0009527777683040982,3.9507732112380345,2.5743181014746295,7.928603269316193,none
8.138420260622533,3.514360707649439,7.801259533720798,3.6647363862562123,4.164601264947634,0.0,1.3587739722326648,1.9638391727230335,0.42447001905742077,3.6955638230676597,5.377274595164391,10.0,communication
6.41012416939169,0.021375896037461123,8.258856591256135,1.3054779471795492,10.0,0.0,2.0958342327586723,1.8119119180790653,0.0,3.7620287710206366,1.7793997746531922,10.0,communication
7.270673062861661,0.8110866872718249,7.6083987460325835,4.046626404006433,9.794241324095548,0.8417310444672829,0.0,2.4221774636312325,0.1529772945411782,1.3665586468037572,0.5588402326166271,10.0,communication
7.86018060324073,0.4846401812212852,9.05110178975073,2.4595810078836897,8.042176893302232,0.0,0.0,3.861011070742163,0.0,2.0096455643843787,3.292222749925452,10.0,communication
8.154102096029263,3.372427588456834,7.869335966355325,2.1615098422793952,8.896252077442155,1.1081516896238766,0.28287649616530297,4.986186833701379,0.0,3.2716316010299438,9.491611180278543,10.0,communication
6.19754475957295,0.24405806261973836,8.070114370530058,3.3734073497107904,8.255952267578424,2.951860238853336,2.160691138530323,3.620279195935063,0.0,2.823085807115546,3.284638189982732,10.0,communication
6.88165662534041,1.4823720109935823,8.981666820160733,2.0582130637091334,4.890323902179013,2.8303832943403258,0.0,2.4854499794311113,0.0,0.8286272826706907,5.612178698608293,10.0,communication
6.239922703528693,0.9429516568425451,7.110063275892905,1.8620193892890902,6.1153416342932045,1.91930450944286,0.6047715888660732,1.155168799266603,0.0,2.876260996715976,3.9520727687247135,10.0,communication
7.462631231205231,3.5365800607270175,6.920380462708124,3.1665256526435948,4.791101433729671,1.9937315001454257,1.9560337954238016,2.4663300209460752,0.6268673281387769,4.342215361472498,3.7311406389411856,2.0639253636785058,communication
7.308961934690778,0.8324572390934717,7.24129571359685,2.367679648421374,7.4020869170305215,1.0946188544968245,0.0,4.016630262443442,0.0,2.2900270718323616,9.333759359802572,6.084312619472414,communication
6.9603605582071095,2.65161711494274,6.7257650355039225,3.4552568700814246,4.726972453062387,1.699081340399056,0.9139551523364909,2.96980006486189,0.643325056794483,2.8527236048086273,8.585181709489285,10.0,communication
7.024302495995161,1.037983198059315,6.6515243203701555,2.8000946294574107,8.241327902404679,1.8248133473712078,2.095398565337904,5.927231864738294,0.8243402795314373,3.449745158225949,0.7038392173763613,10.0,communication
7.5969562247037405,0.05353465537851432,8.332703877806178,4.458604906818865,6.285824851107759,0.3958815214611241,2.090142548578205,3.115220697442549,0.22727213271076346,0.36078042673571864,7.074509266821724,10.0,communication
7.35447938239592,2.0264316150429775,8.599673389311086,4.187261855210352,10.0,0.7126560381457714,0.9516764717220602,4.4581484221715755,0.13669359370304185,1.2993756149602265,6.803623073214121,10.0,communication
7.3224516089279845,0.3889305202831737,8.996816930173825,3.802627523405676,5.653132363644229,2.2469712065262524,1.3903641747748674,5.344461609275755,0.0,4.9987950622002515,0.9505320952185227,10.0,communication
6.161707664296652,0.0,8.130589664066793,3.430535931590657,4.379734598729989,2.576514020719883,0.46645515025182593,5.678863911233648,0.5270193792535075,4.460912073940643,4.755175237508204,10.0,communication
7.1453901630446195,2.069452124712451,9.002550804570596,3.260388089120031,4.106679799617026,2.3926362864338113,0.0,4.307772129714988,0.0,3.6507793876187153,2.5065736632689384,10.0,communication
7.994922311862712,2.483862858703939,7.893779360897279,4.532439472526679,8.244415704302412,1.723503598061599,1.7512124730945007,5.751676454280711,0.12107984887642709,4.5161930957095295,5.812202736058447,10.0,communication
7.371568453065567,4.452466226731898,9.483571231817194,3.735276904237564,4.931913995329793,0.960842213973133,0.0,2.3600913929081844,0.0,2.619442270664617,1.2425859423603445,10.0,none
6.81246863505231,0.6160831881254539,7.597133852627579,3.607319542109558,4.247773661931192,0.985339247985879,2.0348426259572983,1.9567820976451955,0.6135112159842291,1.4740707427492041,9.360249254569855,10.0,communication
7.684781866365291,1.9180173301672925,7.433052410152289,2.420750716458086,6.810749660894894,2.0106405918008496,1.3903945979934245,3.347118253712936,0.0,4.036131218291524,8.181392784040609,10.0,communication
8.321442359708147,2.3107120807965904,6.683583959620735,2.8190837343667883,6.3726725746170265,1.6397951860537638,0.8308870705811666,3.4817667026322314,0.29524034195735,4.917867507262559,8.726994776557786,10.0,communication
6.444860705631053,3.7919726261081985,7.381946226269148,3.312572150241381,9.867847052172634,0.0,0.3708358227276405,3.9419395900221965,0.0,3.3400848676036516,1.4652980084097291,10.0,communication
7.286057473049421,2.427541845758616,8.530985537547677,3.6453985201779258,5.537450358829524,0.48759943467239114,0.2987405764715896,3.347941951465285,0.0,3.9774414540876837,6.7732074138754115,10.0,communication
6.9664363109622895,0.262599592917382,6.161758235055585,2.8542644181303953,5.986890914397448,1.043613776062863,0.37315020361634776,5.521925423482885,0.10293070533113165,2.0860835304128833,4.661220199939804,8.071548520127353,communication
7.531286960932844,3.951478257628228,7.423366049811548,2.6495805323438892,5.064629152467739,2.8395778926827635,1.7415297781182941,4.841848360836542,0.27230194765830934,1.8768881292203838,1.949940539137671,9.18997234317964,communication
7.080306988769015,1.275408340518658,9.311452075538526,2.612141987230919,3.574857839968093,0.0,0.7357742990135979,2.294663694458475,0.04181049614363011,4.435884964090434,3.98538100619646,10.0,communication
6.6417137308198075,0.0,7.553830261291222,4.402610637634268,5.440078262575621,0.21730994497642786,0.0,2.6884136227256965,0.5329039540885269,3.7386804239782734,3.8563646844548587,10.0,communication
7.592808296502704,0.2037375458607732,5.911288279019918,2.373059324214428,6.392878698264534,0.7643078246087942,0.0,3.0502489286716323,0.0,5.701149143328985,1.929048172633869,10.0,communication
6.4049524413860475,1.5927526808687757,7.247969550244609,3.0887464317653737,6.550776228227702,0.8041736925749771,0.061608080898903794,3.022054019570147,0.8678182386518272,3.504041382895463,2.204601374981231,10.0,communication
6.744282748584279,0.6969494610279247,7.020792641206801,3.6290078503432808,7.661971634889848,1.067034923462149,0.11264452712891845,3.0331502781943827,0.7362249554214448,3.870354555662491,6.412199145983925,10.0,communication
7.207355551315899,2.4085639218973838,8.213422101979512,4.185370666956821,5.437690369049939,1.5654927064203843,0.0,4.215863977400869,0.17969409341682163,2.833082466389384,0.9872181933205258,10.0,communication
6.804008001209702,4.165769108835436,8.74513551789968,1.7201934312786429,9.057702774513539,1.1063992611002835,2.425311877896247,2.087015013921077,0.7845582320580996,2.0879575201739713,4.119375029019963,0.8470686851900024,none
7.027567158899348,3.245602037647834,6.695484406419656,2.6189774682012104,9.551334665587094,0.930067797394959,1.9906361561363006,3.3807647406715238,0.0,1.9581067789352677,5.013921881800807,10.0,communication
8.205128366491431,2.2780842691229624,6.102574030600617,3.0347547510879136,8.927655146516441,2.158273032078582,2.188990576543852,3.7689653705189246,0.0,3.3436116136333665,2.859736288188257,10.0,communication
7.528679341298741,0.0624437396297578,7.472541137445979,2.03850549582934,9.248515764715734,1.472783418214545,2.5055166170672427,3.0612253582059776,0.5014510591970456,1.2201018865180262,6.265316197061432,10.0,communication
6.614656800801671,3.3519344612336917,6.06061002833312,2.362529362824578,3.472324058251202,0.0,0.5427102373383319,5.420574355708236,0.0,4.085319950765957,8.632374388806817,10.0,communication
7.825703398910164,0.28065131532952664,7.841033881928088,4.793620781310702,3.554706608264906,0.919544176236137,0.6002006485229134,4.79838840294598,0.39759613080975564,2.9463999033063044,4.653426647694803,10.0,communication
7.307934049485997,2.6984561121279453,8.66451219386235,3.9398515622865182,8.783368477058433,1.9198576699449055,2.0123343258616515,5.024633977948604,0.09153124382763653,4.043042119620286,5.64311525505014,10.0,communication
7.149061672745854,0.0,8.183028653973663,2.7675050525105744,7.781638209055185,0.4314661310515002,0.8498629185708305,5.837180722359466,0.0,1.8000544409802293,7.1448898744643845,10.0,communication
7.676491434259689,1.9165744254470014,6.870604946837818,1.8703255888680952,7.6490768639046145,1.3995298097399638,0.35406771519871383,3.907025481979707,0.9605894275444243,3.472665049939829,3.9859914961721596,0.0,communication
5.88378226719794,0.9154021321590335,7.394683742613408,2.733792686151253,4.899072931046835,0.8633055154235509,0.20533119742468997,2.1341358707819027,0.0,3.8896254688736556,4.032467564437305,10.0,communication
6.38250269922702,1.8639370863036346,9.38797264826854,2.7240787387209373,10.0,1.840880242734069,0.32904271401172175,4.007836495193705,0.0,1.8821123558007753,2.2533516867638115,10.0,communication
6.972501409804188,2.69207131447659,7.6373786344867405,2.1879932123892707,5.267344041827082,0.40051664877098697,1.460603058475403,3.4378555157369264,0.38494635113762904,3.8444483606178976,6.194805854309383,10.0,communication
5.968705864127312,4.211764793622422,6.724626314583338,3.605158317776851,5.6146974199854665,1.3022096392621685,0.5924874617893884,1.9960597164588316,0.0,2.784882823191688,2.107268185488658,10.0,none
7.455646515034077,3.741496204594419,6.778550761458251,3.8221149972346233,3.0925387621524743,2.569565619069681,0.2591311135622137,4.904801649613384,0.0,4.160983062087711,7.352574475359797,10.0,communication
7.652287125465666,3.2828857324954988,7.554646067857792,2.140397996789567,5.424688315572796,1.1413283765194502,1.2233676302970917,4.0911148206258146,0.0,3.059240414746204,6.35458769627739,10.0,communication
7.795948932524449,2.4657721019191614,6.294325308548482,4.604200160075949,9.449775490724326,1.7389706508428961,1.4769288158774316,4.694534836311079,0.1874723765195272,2.08279119647541,3.331171612029196,10.0,communication
6.711118821668677,3.1142161890746753,8.754978104325104,2.0168263775220243,9.561700769217815,1.9023794329960757,1.6142097651255425,6.329134968139343,0.2467610475097978,3.315348683505668,1.3796155319867345,10.0,communication
6.896926102789702,3.030583987957106,8.76015414813269,3.6094437833350863,4.5452904740217335,0.0,0.07015192918881626,3.6100130571129903,0.0,1.6001465676224518,8.637380877854469,2.025519137508148,communication
6.490344077427463,2.392401172942648,9.162540518396971,3.063694534164547,10.0,0.0,1.4215479606078376,5.0972876028565315,0.0,2.130138086673788,3.4236036321985277,10.0,communication
8.143849001148574,3.6019933032996776,9.68436889656752,1.6638742957178871,6.140015532354289,1.3376434378708357,2.00737884668211,3.4507661796811004,0.02853650053532534,3.8392011433975806,0.40939985150492864,10.0,communication
7.374434235374901,0.6643023470559571,8.411619208411828,1.9180949848755624,5.002491401326585,2.0969275042904725,0.0,5.291563864663993,0.20417074539259847,4.729218320383632,9.131138211989901,10.0,communication
8.300337523403705,4.24030586010989,8.596910326049489,2.067475609938415,9.982775362912273,0.6952509622823144,1.576161699911652,2.3711072400189015,0.6330104536452562,3.179513465097531,3.6068440436191693,10.0,none
7.368000776806785,0.4502377203901524,6.060864462169738,2.4834628993978396,6.497115501887888,1.1130006880797552,0.0,3.224502697685966,0.24856529329358587,2.2276203797504843,7.687337858326249,10.0,communication
7.041559299917018,2.2448132097551623,7.279763739403292,2.118911598567904,7.004004280900406,2.3707596215708935,0.9101369188498509,2.8982383008719963,0.07529315126826057,3.7996819810535256,6.1174439161292655,10.0,communication
7.930716175692575,0.9546434641859584,7.9775099011115325,3.9001190005475146,7.392813352806932,0.23560086144817846,1.5454940240609107,5.010763400879228,0.8856817392810777,4.020879941738622,6.887656711843586,10.0,communication
5.380790269994932,2.3747849472347036,6.2932837368231915,3.1912416338871616,10.0,0.37434828532762376,0.0,3.8391251019053905,0.3091487237835943,4.767332513939752,3.7579982777407896,10.0,communication
6.745538508073377,1.5274845228135612,6.786197397854643,3.44956041902958,6.772784304224417,1.5072627101439875,1.9981682784239243,5.41238613409846,0.0,3.4890460225414954,9.194428729316142,10.0,communication
7.564014698051121,3.589755061954401,9.420763478583721,3.589036233353719,5.823741425568436,0.0,2.166075880200611,2.722939193926883,0.021526366563899006,1.3810395360854222,7.246488587752236,10.0,communication
7.420525080498325,0.0,8.738765489043564,3.1647928309699416,9.625127804714026,0.45858830207507595,0.4829783886669492,2.2894633551839925,0.0,1.2980324799718825,9.086734509390562,10.0,communication
6.989660137443141,1.626518241695541,7.3918159052218675,2.9534311442890573,4.733130727993239,0.0,2.5151165547578263,3.210027471900201,0.2367578153272984,3.129018905926515,0.5996034638776527,10.0,communication
6.730935719899703,0.7438521326780185,7.872085994731071,3.2024740968171184,8.943503275185845,1.9711581627671095,0.0,2.7248551324657377,0.0,3.9734493880367032,8.254234290036829,10.0,communication
6.765074800367784,2.4391331295416103,6.514124417505287,3.094452088599804,6.097240690935272,0.0,1.3149380134751858,5.7919352435927065,0.0,3.370365141205771,5.4617528281223375,10.0,communication
7.640736890617115,2.928793332566936,6.41841508992808,1.7732768551356388,6.009813224865,1.2975792515265536,0.0,2.308472439093684,0.30562561430218005,3.550461429814327,6.751382831745067,10.0,communication
7.792683288108987,1.9327169206710941,6.068642737739925,2.9149204857086173,5.094291796175901,1.3807693862561448,0.43259476110572825,2.7599181035734413,0.13864549371862075,3.7641193146878615,2.6140598972348723,10.0,communication
7.263118310350992,2.7677101853812958,8.39959327949935,2.591327404969792,6.068034030861517,0.44392756948019174,1.2530329073970474,4.742774657054513,0.0,0.8770877192033778,2.659426785752454,7.9551906347811965,communication
8.859829414638112,5.256275780910098,6.4721290073972115,5.80506492943421,3.3957578430219852,1.7806468864878915,1.5876614161792961,8.310906170250057,0.0,7.00434139414644,4.332194909219137,10.0,none
7.090448546834534,6.756993356040955,4.736807912748782,6.416595861541078,3.9708362142582776,1.3113226198246055,0.0,8.530514460463952,0.4407776521170607,8.765694129266821,1.8092065763235925,10.0,none
7.767528469763845,5.7936017424280095,5.310155100651935,6.043123095899199,0.6944264543132166,1.9495847274403648,0.12373550433694613,7.691551719194776,0.0,8.885993293265807,6.688109971410012,3.613220247656688,none
7.047959664633924,5.1918488479769165,4.826762531634573,7.530938676259632,3.854684392364169,1.1998346775205277,0.3701072324846141,8.410397079035228,0.24889191186334217,7.652984778337051,4.483625385238538,10.0,none
7.9420082254676965,5.096149637829294,6.113620943195268,4.78290350150897,3.007814107851595,2.636848270190565,2.760839104478829,5.972047040832893,0.3622125067755977,9.524885171640339,1.073602735571256,4.581532573809534,none
8.133293944275332,4.651802470478639,6.963705521956295,7.764182504437681,3.564352793420336,0.2653670829982648,1.2925791262214343,8.825324168229058,0.0,10.0,8.764124750810637,10.0,none
7.522806799494295,6.628245008018753,6.5380500698063635,7.393181234112478,3.693683918744858,2.173540695625642,2.1967182249735835,8.3919805773372,0.0,9.011289572485888,7.904375684804022,10.0,none
8.230841854016719,6.033483876616814,4.825160135103696,6.808170240003462,1.1920135794321645,1.909490692274354,1.4793031071648226,6.084500427514465,0.0,9.289611314498254,2.2303410284809724,10.0,none
7.164364244770605,4.782321731864748,4.829328572178782,5.755625622137609,3.6616998767576243,0.0,2.079305701152776,7.220830366165751,0.8046761000031166,9.499160544946914,6.495486603143339,10.0,none
7.621227944655036,4.196580468893407,5.608370398089112,5.255932525544779,1.6527515950472036,1.4048652327783362,1.6745945784159826,7.584110592228359,0.0,9.841688213441767,4.087887674727451,10.0,none
8.016555292659733,4.84479046477723,4.275215067513637,8.229451180246896,1.1779650172153318,0.4825114134484333,0.6401387495271557,7.957576552030303,0.41832067268790735,7.868680742093525,7.2165015448354985,10.0,none
8.193662685026407,7.712351048421755,5.428701225145413,5.685123238605038,4.61295621203206,0.0,0.0,9.202073382322858,0.6606438782313448,9.267168181645873,7.700333083815132,10.0,none
6.509478838493343,6.569378581169834,5.925894122607505,7.731035602481392,3.3395230357522303,1.4133657856075734,1.2898059067547663,6.0686569592809745,0.0,8.959628739806284,2.4174242045298078,10.0,none
7.745785833226238,3.5685032807705115,6.325888972132828,7.585074638010282,1.907833502598728,0.0,1.4921104535799308,8.960339117825795,0.6852773043824104,7.868702800096325,4.905856638292854,10.0,communication
8.623798638165244,4.843367070304018,2.9740432687767417,6.905781629314087,1.2802267222810964,1.3335971509404574,1.4720662693565862,7.979175884968155,0.14455382026619387,9.60401939196373,3.8831063974507702,10.0,confidence
7.746699462735271,5.692321302206257,4.641295360507077,8.051975104627486,3.6701378110894733,0.0,0.48432147084034527,8.263301851553853,0.4254105609842716,8.63059666400492,1.8217958293817422,10.0,none
7.104183494829713,9.36125869296655,3.9899274970905507,7.592192545738512,2.9417012628305645,0.07834459766235735,0.06762047174669454,5.812931883469901,0.5851426474891129,7.319724485664031,1.1505099955234783,10.0,confidence
6.282362769541839,5.342496226070252,4.459669128895794,5.662040131293143,2.7205372558558,2.4917772916481047,1.4147171370352076,6.23935105399304,0.0,9.495744738536182,7.914527153073816,10.0,none
7.535935226217641,7.027258273650018,5.143251321751208,8.031967954630241,1.9347901047446003,1.1539887404870248,2.2622143296612123,7.1970392289165055,0.9987057078433983,10.0,7.4053287388194935,10.0,none
7.863549370446317,6.041124086606901,5.340398935628808,8.07334967997678,3.88696818166248,0.893177122821591,0.5887964030789576,9.048138688819742,0.7094400550307915,9.314323268768781,8.179858458697284,10.0,none
6.9343731174736005,4.625887814015645,5.082741542960158,8.006463124919415,4.3810145222040315,2.5987559099182596,0.9616334620795313,6.816395973117226,0.0,7.793509717377335,8.282403084517782,10.0,none
8.07291338998296,5.992542927584631,5.300375219918017,8.639175268759477,3.008625538517857,0.5367238833506391,2.5327180411414414,7.252683122531489,0.0,9.370810452690675,1.077204750387959,10.0,none
7.0748069785842445,9.331822514137368,4.113061777656132,5.321422519151998,1.9134130439272745,1.270222066647919,0.0,9.347091648060927,0.0,8.0427136008443,2.466219997055183,10.0,none
8.01029775299805,6.162774925131907,6.139495846228958,5.6812630771167205,1.0915062778233449,1.9690031853983003,0.0,7.00015664981997,0.4880007120370739,8.487561373710903,0.0,10.0,none
8.029700263900974,6.486119589619625,3.0864693094577977,8.18084454912798,3.2774622838757166,1.240380091654041,0.7471597442685329,6.221952425152959,0.56062867474375,7.984420262094678,7.4277971972943995,10.0,confidence
8.324442942915136,5.2085537029475315,6.139961529308768,6.321767984921899,1.2355436554033303,1.325692015359149,0.0,8.168208372921164,0.0666966407428136,8.066532834788038,2.527201312331824,10.0,none
7.529200327765875,6.430698264277792,5.276887556020613,6.58552580934496,1.7276372893306322,1.567170119831641,0.1856405646814266,6.084070208347087,0.0,9.511138468634048,5.9221505504537335,10.0,none
6.782387328469246,5.075489394624752,3.1847897529297495,4.922596534418739,4.020095180871419,0.9235516391348435,2.5313667968162656,5.481523659360466,0.0,8.03611079843815,7.806594320010018,10.0,confidence
7.550391826698197,8.022912177489065,2.088679949821935,6.163324608549116,2.868543031736381,1.324009782735906,0.0,6.510515990465169,0.0,8.742730789184892,3.956148807886487,10.0,confidence
7.278458868467166,8.60983038594994,3.926806408969984,5.756692731339055,0.8863910316814184,2.2830821292533696,1.8066769256479804,7.741162606803221,0.0,6.927374026866415,2.0594715330814246,10.0,confidence
7.814273754980362,6.52353241074383,2.6770083887338196,7.1094552431361,2.997498101309452,1.054569651116493,0.0,8.40973221411292,0.0,9.472579428387283,4.056573627583153,10.0,confidence
7.337218034155374,7.19677023607127,3.3565802928685247,5.662323495373172,2.2570358552869254,2.1217914037640946,0.9926258271356955,4.996923710184079,0.12476249317197714,9.243552795510114,6.32612717649569,10.0,confidence
7.400254806722073,6.406591729278852,3.021007007134406,6.932631698782457,1.6665483695976375,2.412731794182777,0.0,9.172800797195219,0.0,10.0,8.483666920244143,7.850861103161974,confidence
7.022214866672386,5.368649237939406,5.050090293554724,8.19736516409704,2.1724129815294635,0.0,0.0,8.676265688940314,0.0,8.663687946498014,5.903701962420687,7.26861686084776,none
6.999671077406657,7.43316099747299,6.734491116983294,5.806779507934748,2.317427020505791,0.005829823622249191,0.8786680912636887,7.102004089227545,0.6038406465926363,8.8081904379034,7.635853486904324,10.0,none
7.928068948206677,6.290677846175483,3.825269420295536,6.8814678081211085,0.7669389140607503,0.14694542888781512,3.1648486275930816,7.890574113704123,0.0,8.149306291940112,5.053891311055792,10.0,confidence
7.604028832641293,6.165989628658523,3.449106866710831,8.978794248729056,2.8591217870953356,2.3752277897246152,1.9311979693872536,6.747519650968251,0.0,7.46808240366988,1.978879550362163,10.0,confidence
7.1992570315325235,5.125951824167318,1.7866194739120456,5.805511379557437,1.7607928315933554,1.835048321369128,1.5244880580145013,9.316495129431283,0.0,8.203034746109033,6.395654060333401,10.0,confidence
7.245515204938751,7.436517514253723,6.973163751488293,6.946056598923076,1.0517522637532761,0.685849833324948,1.9987752898506803,7.254550817003826,0.0,9.958114592356413,6.950269139822673,10.0,none
7.691339396576843,4.083804851664496,4.905175293936846,8.365217744782521,0.7183722325867301,0.683299280245,0.5985755315329133,8.070853072987907,0.18303209013743985,6.754777524661294,4.703953880024114,10.0,none
7.4198793078258936,7.9224157893022,3.1904458787581085,5.834194400522691,3.1776691013472025,0.0,0.40134567252167574,7.934519399313315,0.03506980024634701,8.771303680548623,4.486643207482708,10.0,confidence
7.1778089138192795,4.455007517486478,4.496318827836616,6.38227112750811,1.8454705494942547,0.9503167808808521,2.799226138815903,9.044936636295002,0.0,8.946983201141649,4.7079664054370385,5.6656854443889095,none
7.6863008759162,7.272080978055242,5.27421622926606,6.1292030888349425,3.965358281882681,1.310820798499438,0.814291438524293,5.459300061412225,0.0,10.0,1.827214563577154,10.0,none
7.165369750577778,3.519704319637623,3.8208841011782,6.581225231629542,0.6912734940415064,1.2150684620100638,2.0790071464613913,5.872098991670537,0.0,7.531113102577852,4.236762758177332,10.0,communication
7.846378781771235,4.879095098397916,2.3590314446287746,7.167610689107088,1.630707782981836,0.47112584532820634,0.47822611052801467,7.65903010124755,0.23086928539217458,10.0,3.803618327237745,10.0,confidence
7.666246238940158,5.696068223721481,6.413656533388414,7.19037552245946,2.097208910420348,0.12529751918830878,0.34881435028574626,4.554937055791215,0.0,7.990876762051665,2.4522271763595853,10.0,none
8.414291989539489,4.920555555451238,6.728634880214258,6.481301201292986,0.547596270518985,0.0,0.0,6.358791638728315,0.0,9.734830032937678,5.156908408850956,10.0,none
7.346649452791947,3.292229904599859,5.2237182317268855,5.567430501190956,3.933613927464683,0.12840489086415768,0.0,8.726310656446039,0.13876056077830948,9.280948361703143,5.489678881234197,10.0,communication
6.766701670377902,5.852692997664664,5.553134759627912,8.9397403423284,4.505747457257295,1.8547205943369538,1.0498701721271688,8.576638273941986,0.0,7.231436813678817,8.451313838948325,10.0,none
8.342713335596995,6.182123890197704,4.113432629935764,5.68630407284912,1.3204416917585942,1.8427054875842885,2.424704345814512,6.396234603304549,0.0457747407216598,8.137405606438977,5.090803334399762,2.7488945271769816,none
6.9212227804239355,3.6595787294316846,4.893741435489012,7.563407425086793,2.5826981274886984,0.0,0.9143131308620099,9.371738694638495,0.17511352005258501,8.701296740638982,4.376196156594061,10.0,communication
6.263513233412093,4.658891682298963,5.161569966259273,6.046722790362906,2.0322430960516877,0.555312241553432,2.997503625567627,8.621108470518998,0.0,9.456863588014933,4.529116337165318,10.0,none
6.91922610535382,4.475234614881951,6.462091749392397,6.8336506154824495,4.925880326545145,1.563628334966162,1.285485403288124,5.988661150804141,0.0,8.89351310774073,9.225733126562869,10.0,none
6.80151201483683,7.404784323391234,1.9646714452900884,6.74707516453282,0.8802801208593434,2.545719414977549,0.6225952201834812,9.868881714840809,0.5817238593352311,8.001200335934186,8.076761012505573,10.0,confidence
7.3290513282949705,5.208511689538527,6.164438370840596,5.639770477390113,2.0288231492109516,0.0,0.23230939332829398,4.549374785390514,0.30151724874510766,7.625158246915149,0.12249319932702518,10.0,none
7.150359252060417,4.550359761341719,6.812362165241772,6.152046403773815,3.352258118483629,0.0,0.0,8.05905799221437,0.0,8.138404122309954,5.194705866416679,10.0,none
8.702460271117161,4.974120377376892,2.41649387565962,5.433669088183295,3.6613040443384595,0.0,0.5445674395134781,8.893130284754584,0.0,8.584524217324505,8.413549652057903,10.0,confidence
7.901465616641934,6.64559325840708,2.6746205135700687,5.479124767580394,0.5602898942135252,1.7035299388151917,1.7469252584935002,5.376610833570633,0.2617590166492377,8.86071775618219,7.323453232530206,10.0,confidence
7.052418571828623,8.137516360761845,2.8959525833820274,6.389009384285428,2.588367885529163,1.3338993045286958,1.0869053353878035,6.331940305953551,0.0,9.641510016953479,3.3707876930830913,10.0,confidence
7.462309606643545,4.279170813735511,2.952826757557109,5.700705328146306,0.22175359627174873,2.6098577101664406,1.399055384162145,7.734679594520478,0.19708791307930595,7.847356958358018,4.585649703786717,3.8993849080993135,confidence
7.7133903179776615,4.44159136730569,3.6504671387805643,8.275555708511888,3.6898154449608924,0.6830559663407273,0.9700040474793019,9.238102093656273,0.0,10.0,7.584866922990333,10.0,confidence
7.394304517878769,4.416273786298588,5.264629019198883,7.7725346900594765,3.5214873460287004,0.0,0.5829998241547055,6.07850342028706,0.0,8.35120162211786,3.1258754123139405,10.0,none
7.0257324141728885,7.169127945801215,4.316159127665177,6.647100637683264,2.1524170524221216,2.5324580898186073,0.23755678694568721,8.70276746262385,0.25330260059527127,8.334375195749233,7.1207151381377365,10.0,none
7.36668644551629,7.044246667930923,6.627173382478675,7.47557424651411,3.940946441223126,1.9814848766432984,0.0,6.785334801330818,0.7004838065296058,8.599403062405836,0.3009867505282994,10.0,none
7.117753047733116,4.310964651285102,5.923002223245975,6.661786858828194,3.5214064524335646,1.768806677520452,0.0,7.313621988643792,0.0,8.295081366541346,4.674906424949029,10.0,none
9.063464513950098,4.553659268927953,2.4913394773704107,6.261880302603457,1.5853937259962154,1.456020912517806,0.4826734020475977,8.77902551111128,0.0,7.695952918179903,6.369054495892153,10.0,confidence
7.545970009225522,5.844437568712435,3.5892794604232257,5.947850887992738,4.496334970666872,0.0,1.5664720870343354,8.583826984935879,0.7529901833997091,8.74633843032118,3.13411166557675,10.0,confidence
7.173196850997312,7.474385885347554,4.515972020763631,5.001081766955544,3.4215883524202333,0.15007212216080573,0.26220900848811757,7.694768348713587,0.0,9.529745525345772,4.614581903732514,10.0,none
7.360909791932409,4.156627011185324,5.8485856802124365,6.698306300384111,1.4962247982851515,2.2933563116505016,2.9013403846164443,8.167629187093516,0.0,7.626919207418802,4.187601939285807,10.0,none
6.996191245429739,6.502535302573752,4.67023512803772,6.23667244557309,1.065359861541969,0.2301869119930904,0.116596022877586,5.8861679405630305,1.0578938809632548,9.283703572300494,1.5042413196636784,10.0,none
7.650528442080004,6.271217976643397,3.301637248528305,7.566442974621043,2.3781341834001606,0.0,0.0,8.153424833905909,0.0,8.053585427237996,4.008789054699171,10.0,confidence
7.560202206225252,5.232340847269618,2.895946374223186,7.461494915650452,2.2647426378041353,0.9408393886188902,0.7247406436776194,7.098309388850561,0.42162581363966517,7.97009913431227,6.3040405233085295,10.0,confidence
7.4575601386322745,4.2414299496065535,4.341421924366566,6.209660822639569,1.5270319973987485,0.7666571496853805,2.132386968239485,8.51473414242066,0.0,9.309832001279082,3.587956809332769,3.9482794578494973,none
7.054053693456711,7.228770778916093,4.232753799123387,9.226739758668316,2.1671262261391075,1.2433897004419467,2.365420830181044,5.700256981254765,0.0,10.0,8.87527813492914,10.0,none
7.548132565563366,5.15560227725883,2.3796086469971964,7.67354538566591,2.916873219038085,2.5879988003094168,2.1642012818698646,7.750542221278018,0.0,7.883526856391899,4.980492900972679,10.0,confidence
7.587931158085725,5.091931823982345,2.182925758343181,6.571584021216058,1.799172125244816,0.47563346839911447,1.1327739764134142,5.404261008453033,0.0,9.858014082633485,2.1620849505934476,10.0,confidence
6.9577220506961055,5.0023063124466205,5.719678414485111,5.180072584784864,3.942919514129819,0.0,0.5447759788394746,6.80543874928186,0.0,9.135964099229223,7.317824542500872,10.0,none
6.900634805988841,5.625253626145702,2.141594374571746,5.737404572429026,2.3630004931529154,2.250980858753737,0.975780473923517,5.668873198834464,0.4785247921000933,10.0,8.199511211477459,10.0,confidence
7.206134777477664,4.3074227365344795,2.3417834692056454,5.8078777791919665,2.0776152599263416,0.0,1.3617955938802642,5.531271654897929,0.0,10.0,9.299295632171459,10.0,confidence
7.28331952798991,6.375028165451496,2.921422538838601,7.711333653236797,3.93334326368571,0.4034629254142201,1.8799103188552484,5.486019133218438,0.0,7.791541450797595,8.342014501957923,10.0,confidence
7.214863161795594,6.2419672827776855,6.610172324569124,7.68179439786253,1.2631331584647234,2.713199371062408,0.4569235401737199,5.4969239556556255,0.17974962567873595,8.008740804760984,4.980787436334201,10.0,none
7.7611324718927674,6.63506517778174,5.516432464089331,8.355210202252465,2.1387003378253264,1.8146403673523006,0.7404610322636325,7.549278980438413,0.0,10.0,6.939045218496204,10.0,none
7.764570051927371,4.308098699761849,3.0034085687186787,5.780166430448062,3.6654646816970824,0.739955056706014,2.203900859199945,5.300399532844491,0.9005701998305216,9.933814061334733,3.9145271005228355,10.0,confidence
7.097945760013548,7.318119778293168,3.7088742237325514,7.593225264401133,3.4825307719035483,1.3925514692489709,0.8654443528804481,5.978347041195003,0.270599290863113,8.816132900168009,5.630825240010427,10.0,confidence
7.590547042308613,7.679758976676086,2.2298887126423184,7.182519395605708,0.7492082247777554,2.0401822830585528,0.0,8.313512019250986,0.16686869800598775,9.019848816920295,6.189551471006484,10.0,confidence
7.096490805022353,6.762644185220329,6.0218038012984,6.38284661485593,3.4999400794861315,0.9097424745332359,2.200805318068752,6.076458452542692,0.0,7.936191879832975,8.805805534770565,10.0,none
7.487919485077479,7.0229215414331225,6.386923004770122,6.971819061227492,3.857871987743325,1.2234450374357753,3.096191857973661,6.772079593194396,0.0,9.359352310211397,3.6275722730099873,10.0,none
7.57010169076106,5.355460496789185,5.035141276314879,6.003331727035766,1.1965417885639833,1.3494281554226288,0.0,7.9422143005995975,0.0,10.0,3.799720921381003,10.0,none
8.171034496794272,5.969775493451949,4.079378019787374,6.624586031083256,2.826892933480331,0.6525208632203968,1.1504641455615208,6.480202791362938,0.4507837130875915,8.111550866079593,4.782338150686645,2.6704904430811127,none
7.121852376193808,3.888483601044697,4.65558431979643,5.17855458946796,2.9938596950678407,0.0,0.653436776422558,9.725282427942421,0.0,10.0,7.9193212280404826,10.0,communication
7.4057842469258945,7.246477449126354,2.1585939471788915,5.773214443538049,1.4273772561042024,0.0,0.0,7.59728566131211,0.0,9.12720612197003,1.7060825799368007,10.0,confidence
8.95647685604478,6.181274006071184,3.5169815067511494,8.532499742963548,1.4080719249030647,0.0,2.433865348664531,8.864710436194674,0.0,9.947796220981502,4.167127865624543,10.0,confidence
7.571537288493915,8.122889208171026,3.204071939355182,7.6701325797300965,3.664367467256425,0.43265249598399286,1.3650620462244456,8.90271700672364,0.0,9.818579412460956,6.858795654876484,10.0,confidence
7.1170776128044455,3.8800635717771157,5.499127078457374,6.882031009528417,3.8243980015064776,2.5191862314141176,0.03405826320513694,7.275770392781566,0.0,8.390214444932857,4.311406877028909,10.0,communication
7.678661908910082,7.717581111986029,4.456195862475304,8.745824286740845,4.921993699332578,1.8976965672754633,1.1664281560981111,5.878359238411428,0.13919168339877358,8.618871303674311,7.218249325960835,10.0,none
6.971790111961315,5.305854542212966,5.4515496507412315,8.013902193821275,0.6647303413371621,2.5750594041789197,0.3221912557046418,6.7978976342638235,0.0856273788238362,9.791189509743695,1.584492388794192,10.0,none
7.261983766812417,6.641553985293498,5.426204787951098,7.770435002549962,2.348281221995044,0.2225593475060772,0.0,8.532989751663075,0.95020209923967,8.936244180583374,5.835598942362083,10.0,none
7.675367876892086,4.8509657438619715,4.2524715803989,8.198206661573952,4.5929128590790524,1.1362071199574741,2.7184957503999874,8.315126664611645,0.0,9.20957929162771,2.1658940997672027,10.0,none
8.211658364183632,5.615879813630544,4.082592141353797,5.419109739151792,3.731736992487623,0.0700041843120235,1.311840038579545,8.359269722151037,0.42286777947139786,9.808065672909677,6.061508640432919,0.0,none
7.454929136934642,6.649252107071013,4.445416055624386,6.942378723931747,2.4228202533984553,1.8278788408985778,0.0,9.788944239219179,0.0,8.115543866664652,8.013746326855898,10.0,none
7.787368707580253,5.366119147434679,2.0036184532288788,6.09889671533326,1.5991497049764818,0.8989885913223898,1.0034723942141603,4.797378115421771,0.07169946023035462,8.326416691706658,4.730933803390666,10.0,confidence
8.341381333478212,5.653117118379849,5.544365595193819,7.304871473927859,2.822757006088121,0.0,2.041535146494983,8.228170068143347,0.0,6.4569529856750165,2.9252741039619603,10.0,none
8.848272794931683,6.75672146019463,6.169940177469442,9.111058035833274,6.144296492459683,3.0595658436640996,0.8932436592723364,8.738698601514624,0.42511235665904223,7.386546791079352,4.617601480170104,10.0,none
8.085398276568933,4.787547695226934,3.4813305276657625,9.088928898529904,8.534897417103906,1.43847846535275,0.31092745528795407,8.11718046981331,0.4057880656277997,8.261699465525867,6.467974322208314,10.0,confidence
10.0,5.872368592859628,5.326757493863281,8.242503156590576,3.5064361319903035,1.5016039336846205,0.9058894011024722,9.82398816664424,0.31786437417820623,7.513458957807702,2.751016531446811,10.0,none
8.164790566320118,6.739563089179595,5.803706670505834,9.231620485324209,2.8696385706751877,3.030068842653204,1.3482477788742429,9.18369281456693,0.0,8.229020283064235,8.283005458224588,10.0,none
9.835000224137902,4.911305600097592,3.682550598987768,9.78271936428094,6.706393369341511,0.43574553475916233,2.538894127780301,9.933653415492028,0.5348488406826757,8.628600472192085,4.92254534427877,10.0,confidence
9.479365207803372,7.487223109513453,6.1798584692149765,8.459981168812407,3.769619368604086,1.0141328279713335,0.35972677760964006,9.023638431414813,0.39089075135336837,9.122753930701672,6.603488825160634,10.0,none
9.614698974999573,6.71381350508942,5.03507709550836,9.259474540268014,4.4278106834569435,1.1480059869426706,0.9093549168834465,6.264373724395857,0.0,7.732832870587368,3.5595835353078074,10.0,none
8.080643117632583,7.086187602282311,3.2656403573281207,9.355855729276122,6.797160782341874,0.676136747461658,1.8471415845390535,6.284847730023576,0.0,8.420060964121976,4.205520418732224,10.0,confidence
9.306601215335167,6.226508163941918,3.6862804063443178,9.485156938880918,4.145768819498511,2.1066165185354944,2.0132118695534564,7.603539242437026,0.14795810154472347,8.40481534225009,7.664145952330921,10.0,confidence
9.524039109888783,7.270490641722981,6.504314216029991,9.882821372536581,5.065748903086108,1.1319496283613706,0.7989641112013611,10.0,0.0,8.265956945663183,6.383638455626208,10.0,none
9.058165733457889,4.424157156067246,4.279990744351322,8.587559820015631,3.4025279596243196,0.9847707113377829,0.0,9.962727404199335,0.33349001958748675,8.935484883146268,1.7881016595070425,10.0,none
8.863244618457747,4.052246851264632,6.124446723212426,8.52866709924873,4.790527929469736,0.6634716637463529,2.118731322748038,8.50137382274347,0.0960294378778195,7.167956463399722,5.426367825662686,10.0,none
8.686074776595204,5.93683144987097,5.467901393769546,8.502119395671077,4.734459677378099,1.2578902561102994,0.7370274773608861,10.0,0.2538315215034895,7.104237427309945,4.22315338216842,10.0,none
9.848586013152527,6.813994387687758,6.802800338525038,9.580931146449679,8.457182559322337,1.3487567104878977,0.28470903785005625,5.875399976094991,0.0,8.470538435877451,5.706240205073407,10.0,none
9.440499492111607,6.334258869727445,5.798372176823157,8.31445018664536,7.510228775310734,2.012641475620323,0.08778293053793496,8.080207458597794,0.0,6.784605630753831,0.5135087140062784,10.0,none
8.168822309587078,5.48240473529098,4.4212999668415565,10.0,3.4053996219694476,2.390144338857797,0.22103139701100177,8.226026802146587,0.1752195783480997,7.314176137720674,0.410417447764553,1.1599848961220758,none
8.354785799307619,5.852941353418936,3.7899149041235662,8.239701240342665,4.711739182810287,0.0,1.7917213591285073,10.0,0.0,7.218785779286444,3.9370957857416546,10.0,confidence
8.843217083906021,5.895560886023507,5.97886747246423,10.0,7.246365121000335,0.601506930594842,0.0,8.846941124353231,1.2894342650784811,9.072514643906347,4.06089280282818,10.0,none
9.482797072691966,7.463892261021045,6.110257528444618,10.0,7.191857610480381,1.4210796613963748,0.17591175614493715,8.72232987836276,0.1451453072155301,6.890348524490123,1.367510283331924,10.0,none
9.112900928229209,6.889513338688545,5.078337292478749,10.0,7.874302690960135,0.0,2.8991399408726477,9.917592657340528,0.0,7.576258631085077,7.98808675186756,2.8378060585498615,none
9.58091092413872,6.113949234160344,5.929925712853345,8.04469656163918,3.7416719591294068,0.8160849016682594,0.48649920842818334,8.099509881503716,0.5926535604496064,6.9958564303346495,4.288643092397014,10.0,none
9.998277288177304,5.7841765125924045,5.1547727870824644,9.09791400867072,7.241494750777704,0.24817096256917331,0.6671464282016337,8.11869038840108,0.0,7.539745464634767,9.873003691718448,10.0,none
9.699804761942795,5.382814109082012,5.7618904195221345,9.23029583063155,5.917539375032783,0.7617572810904549,0.3532289825566335,8.706806594491018,0.08957652289572879,7.368637362068081,5.131938144425056,10.0,none
9.219750386122564,6.442804700051753,4.204848854236124,9.32245434360704,4.498262404555647,0.0,0.0,7.862878943381183,0.0,8.797424209047959,0.8707168954079925,10.0,none
8.885214638238404,6.3198440061859085,5.821646952845914,9.796509691627014,3.6117215429881897,1.8060257883681614,0.36714083681640763,8.093649135422183,0.0,6.99964548996836,1.2239521999509855,10.0,none
7.906910488614401,7.004106204410407,4.184717102774876,9.021526960170442,6.576821792239129,2.373693060801482,1.9771694870515863,6.550675574314283,0.0,6.764853833666875,1.5698158067986765,10.0,none
9.009674646761104,4.842633980635446,3.6669489255621035,9.494568857717205,6.046002184570476,0.1594501251059842,0.40591731868134157,6.779662925330434,0.2992630919493853,7.771065203170961,7.169906482506149,10.0,confidence
9.491517015844387,5.9754036273270215,4.81251831081095,9.478306652849591,7.1723501103694,1.1188158175235887,0.6149325614420933,6.8658979700657214,0.0,8.695422622873963,4.946648888816941,10.0,none
10.0,6.318303607915088,5.645660645833341,8.317624846197164,4.635923707996807,1.669131556956237,1.847510120515595,8.651173356614885,0.0,7.673899107362598,5.8417782641018885,10.0,none
8.945777735738654,5.931760567690584,6.805013961741029,8.869549476815457,7.93568569536008,1.7572235029564458,0.44334630044306583,7.287031346007558,0.2869711566690258,8.612433243316277,7.576748351169106,10.0,none
8.881082305736713,5.754541529223319,6.084605196525582,9.087606110666536,3.172586742884888,0.7374553540592246,0.5827736258710753,8.892343395095036,0.0,7.80640312520624,6.679950814021487,10.0,none
9.949716455776203,6.464843392956807,5.266063870915406,9.089185960177662,8.644840297180894,0.9564453390600952,2.2940699737399273,7.164404664597694,0.0,7.275436524375163,7.51429483644912,10.0,none
9.65502626656547,4.677722721614129,5.272505033913226,9.463824645312275,7.3141619985562745,1.7910896486440568,0.27555175044181773,9.489810085403697,0.4480541725633689,7.2631545152516335,4.80681100774678,10.0,none
9.800389010067994,3.567295856340224,6.257670409103014,8.688562202544764,5.214637448332841,0.0,1.4159255602932523,8.765678087309915,0.34808131192157865,8.428494918624121,1.0170155272815828,10.0,communication
8.928280796850977,5.919661437136971,3.9006900399629707,8.076063542580279,8.517481117558269,0.0,1.981772254855314,6.988404870387961,0.5524322335779284,8.1747756075025,1.8432547354681335,10.0,confidence
9.331863315448263,4.550445413627422,4.76382223221774,7.592376665379271,5.116472890321703,0.9731109065901689,0.44771215664345515,7.8256342290123975,0.2516694241601142,8.691081421284881,7.751604077142281,10.0,none
7.300661336092789,5.461034181015465,4.730980511566859,7.7796024667267805,5.608891413761212,1.1490111773101845,1.5650044143067614,6.519043042053983,0.0,7.97557652891338,7.900580908815093,10.0,none
8.976537145470074,4.967266413551141,5.032760621271994,8.395614699652215,5.258616533473311,2.0097765675384056,0.6411716223034041,6.1552658748773865,0.0,6.2871104396657485,7.858727038494436,10.0,none
8.706420974008969,7.755850072782576,3.3771859894540115,8.202036069644656,4.851490391432998,1.5209155135804804,1.4841950825564996,9.289923866398432,0.0,7.652210630348519,5.4706226373158895,10.0,confidence
8.924417567844413,5.439574280726693,3.4620185030909454,9.452684805977874,6.660911500488104,0.8019263138820417,0.6828655461273487,7.156026593071638,0.4829248595113702,6.5208186958475896,5.606406622100543,10.0,confidence
9.915407261806452,3.4257172544422194,5.344914439189573,8.904383166799228,5.718555896332495,1.7947711285262027,0.0533450828164056,7.106056318243478,1.0150158625315215,8.256213023047469,5.378432873582277,7.270374833623816,communication
9.184347266112988,4.842785268323468,5.390099401119991,8.433124025380828,6.709727326579845,0.36629060756498144,0.0,6.48950612548582,0.28806091398343336,9.112476130913675,2.3463692884904406,10.0,none
8.920057764288712,3.8435939204521428,6.732180088370251,7.619973145274755,7.307673589956424,0.6983140542252617,0.0,9.174181884317914,0.0,6.7481670686306705,7.780355925693822,10.0,communication
8.239575255162187,5.591631190318469,4.965511925958807,8.483563244195784,2.7967772687914363,0.0,2.2630201056731813,10.0,0.750286938452426,7.518433691400546,5.284360143208443,10.0,none
8.763555436090448,4.712930429116967,6.285836502695762,9.433736696835066,2.528921218578618,1.300502705697613,1.9022340259120163,7.744107468734278,0.5337153026188212,8.096715169342898,6.34167143746351,10.0,none
7.7905746846157715,5.813693196496109,4.669421618974665,10.0,3.5298509146177413,0.0,1.7194922998155815,8.085723056289751,0.2524770545416303,7.154529648364302,7.212683474577462,7.361234409821148,none
7.492690738132205,4.77777502082688,3.1962459725048276,8.291044601394518,4.955352975675108,1.890393401312719,2.33259108708623,7.963212546852259,0.18680454678453717,8.551291937349301,4.850502551239606,10.0,confidence
8.586117601440248,7.005901521975905,5.458697764009447,8.730019250629145,4.181258797511578,0.8085861936321016,1.429305519038973,9.932351487661856,1.458621236432947,8.29429276512131,4.4785388928212395,10.0,none
10.0,4.197389931946879,3.6487983018792183,9.617405799410578,5.058078986976293,3.043795141052734,1.2822384427083535,6.454642667347377,1.2020259162591929,7.2265498271755355,5.31230844502594,10.0,confidence
9.173859790104995,4.357858341259136,4.502508614193461,9.147948196029477,7.23435460240724,0.057358832814162514,0.7867133594988253,7.802376959294384,0.4851770735702467,7.010301803963217,5.808700763785249,10.0,none
8.64809151031653,4.372270612212518,4.2459370520608815,9.069144657251279,8.27207754170479,0.0,2.6951783823343005,7.813566039674534,0.0,8.21856290739444,3.4080235255630416,10.0,none
8.600793852727051,4.615784165820164,5.262954584435046,9.333921096677724,4.406523790275062,0.38070495271771715,0.791200936827274,7.164639759073352,0.0,7.98448309737924,5.502166729919927,10.0,none
9.753318682060703,4.901518956840065,6.311367498364322,8.433721371156148,4.29888873372511,1.7802644222384036,0.0,9.067384050974407,0.2279140242535461,7.938055323419735,7.294656591914395,10.0,none
8.898962196054752,5.526672837186734,4.590691688368042,9.412693328657458,6.20270191799383,0.0,0.0,9.842145977868363,0.17508911189566576,7.288130669621764,3.7363174884473263,7.657460319994826,none
8.555799830914438,4.785528582871855,4.022778274734141,9.667696304399835,5.353105801028658,1.1471213640426878,1.4662511259786182,6.920947820165523,0.0,7.839671514954321,6.5500057472217295,10.0,none
8.885189775848179,7.004753373820943,6.170623862104406,9.467646155269255,3.384056862425915,0.0,0.0,6.900341752346058,0.13401563253103888,6.894552053213821,2.476833514975106,10.0,none
9.683409679953206,7.209025901765227,4.013755722196158,9.740174373459281,4.630117423501538,1.079851843859561,0.19666942716208322,7.990070265741735,0.0,7.7849170927290885,6.231275150895893,10.0,none
9.743613378092046,7.4572947816761594,5.354101991507838,9.28281087613153,5.535535350352889,0.21923536639195262,0.4962769883210907,7.560432000599776,0.0,7.542908886041296,7.240684140197706,10.0,none
7.911287561444512,6.329275371890397,4.867499997280573,9.071106550480401,3.0579891151742755,1.9203367658893402,0.8792970602329941,7.701655200570736,0.0,8.350269745164486,6.920315528353384,10.0,none
8.650511047254996,6.012875246896316,4.860724005052602,9.555339273203364,6.38263273968672,2.4086430415445435,2.373547404155682,10.0,0.01434850830831673,8.358416494284858,6.2431307848488915,10.0,none
9.58865523093378,6.526725297410316,5.900399250252493,8.662770832099095,8.063515523116742,1.6245563280204989,0.3729718784497635,7.0065500884026815,0.5976271222668815,8.469828668934017,3.5782084206270772,10.0,none
9.17308065793123,4.949841421666236,3.9648041858568495,9.034752167085896,5.299614672615133,1.078750606457897,1.0168020163026057,7.2861162901199386,0.6547545125347499,8.044898491535324,1.6701178225012532,10.0,confidence
8.694621526932172,3.1462898968431308,4.7294113934676085,7.5900367426712,7.230657683557395,0.0,0.0,10.0,0.6655152458647196,7.051609241954284,2.2868431199660098,10.0,communication
9.315288852157003,7.102531145661794,5.803237232374459,8.276757946182515,6.064157407896306,0.3629482052405475,1.0994106449343866,10.0,0.0,7.138530911794061,5.356333210212592,10.0,none
9.165917142959502,7.08756769702718,4.361276171282663,7.739090316289559,4.433122904797318,0.0,0.4695525466940129,10.0,0.6488059137663666,8.046288474576091,3.5862249484121573,10.0,none
9.303927725941405,7.049978492809775,6.0068345469159805,9.820439102818227,4.488455706826061,1.4969741060379769,0.37658468469401496,7.766571078700841,0.0,7.501827338817165,3.5021179706545693,10.0,none
8.631023453334317,6.472944346569993,5.832132581381201,8.271597139283834,3.2872630064443777,0.06524121244825236,2.6462481079373097,7.582769630731998,0.19541628028559768,8.527255379980085,5.700218635137075,10.0,none
8.723508731369664,6.271922317977272,6.815424171891365,8.094012178744652,4.689633895031971,1.5776445636158023,0.5364403499764845,7.671446010965657,0.0,7.245812896359127,2.6893606314345666,10.0,none
9.302440106394187,6.898752121250233,4.818890967029789,7.714447644082752,3.1214711218331814,2.7443486115817164,1.3403067237787767,7.2718912379761,0.3993660821303448,7.593755692874251,3.5063555694465065,10.0,none
7.999233192104707,4.312484473880447,6.237173220024842,8.804526517775644,7.860067623626185,1.6973277569657705,2.7688077079195526,6.478106176638932,0.31351762468639444,7.130835478561784,8.51204234332437,10.0,none
8.368527803206547,6.595562438189254,5.371003333604697,9.796593276285819,6.025704669647352,0.8097918578517558,1.0457699768262072,7.7936291667415665,0.0,7.933274919007091,5.090551114806322,10.0,none
9.068075843111945,6.231925890719857,4.196571078503065,9.063410206636645,7.130742021341595,0.9219706982027311,0.0,6.7613086428166715,0.0,7.263323315619145,4.597156344049854,10.0,none
9.15219938053988,5.892322365491631,6.668875213538413,9.811439261541004,3.7927269026619492,2.9446823216513165,2.4090641072689776,10.0,0.0,7.517294605075118,5.124822279734626,10.0,none
8.166143044300089,4.934926366337386,5.235551641909673,7.530434243088919,6.854035958253177,0.0,0.4208010685492603,8.993492157338174,0.27009485272893163,7.592391512527994,8.317552615590323,10.0,none
9.437578293592724,6.244557467539816,3.8898142863387717,8.26736113233905,4.105186593375803,0.7042985987095085,2.781707546306602,6.5144611706549895,0.0,8.634671866460085,9.295901877779945,10.0,confidence
9.109672318021127,4.727679421478716,6.048301121782884,8.393004170676145,4.0049131716002,0.0,0.6947548909999339,10.0,0.0,7.5243510029541065,6.246723601473774,10.0,none
8.095297968667778,6.165865880664076,5.492388416163612,7.115272460949116,2.39791798755539,2.1001803397633423,1.3868530224041127,8.162260697256155,0.2647524577413208,7.6074242213029715,6.1323858488690925,10.0,none
9.58526640881486,4.889873969612709,5.619109623971894,9.171406882350707,3.0672978317157833,0.0,0.0,6.256524542380281,0.0,8.629227565295682,6.807940309655545,10.0,none
9.312020819499521,5.782761954600997,3.168378284787252,8.49932471937554,6.4571710186486815,0.0,1.0963898327466137,10.0,0.0,8.483164505006146,8.961927336121125,10.0,confidence
8.76055855057314,4.7436561521199705,5.9380186140795574,8.245316837423033,7.479717795402814,0.3252326791386041,1.4103476483290591,9.293914234338285,0.0,8.52052641733695,4.818973418316677,10.0,none
9.296228926026433,5.023822058520369,5.568674399942033,6.836283130098044,3.9844490552088674,1.5903352188766884,2.6958102739215124,9.664473908208162,0.0,7.603430092046223,4.372229315777929,10.0,none
8.51927807472408,3.2956027193472255,4.142626358129405,9.0633709515628,5.231220720956424,0.26469132920097277,0.6841371243231981,10.0,0.0,8.071264941388838,6.792835817975847,10.0,communication
9.307931905064253,5.807106580908586,4.450631828436194,9.237060997581136,3.191993498541377,0.0,0.0,7.2564914462725625,0.0,7.53211492513086,6.853247304861339,10.0,none
9.848556713535217,6.0516571141564794,6.8179637567173685,7.300562549907444,4.365735960233391,0.707009854857507,2.099246609607705,7.776643693601642,0.2917021226718098,8.759751965925801,6.815792491054163,10.0,none
8.840402224667754,6.264036959186606,4.5159529728776295,9.13048183970039,7.514482349762266,1.6533811443330666,1.1793442567746641,7.951732400698417,0.5992201355962581,8.59152656304694,1.0022761778094915,10.0,none
8.922205673943468,5.586721232229862,3.036318865366755,8.851489320685236,4.6078177876663835,2.52381013793775,1.549643299015032,8.603543055068586,0.9332656186295342,8.100551645452867,0.6757547660526039,10.0,confidence
8.829934876393935,6.880332854807407,5.917364022576094,8.689949914508313,3.8979200708599753,1.8614265272228148,0.004662129867789897,6.087604649425396,0.0,7.049716018878417,6.6827100450343595,10.0,none
10.0,4.74736636924681,4.930569565497589,8.008400439192865,4.534248451102675,0.5556095687304067,0.8441632179477545,6.4872063513944935,0.0,7.9655689138789825,1.6155913909534554,10.0,none
9.020590450431234,4.142373175626884,6.232653440770303,9.318662730795728,4.239539020464417,1.4408474922824444,0.44810867914022867,9.817624175695977,0.0,7.514296230369335,2.8078260037327833,10.0,none
9.541385965470688,4.460672614923796,4.0700821305782044,7.909222700425355,2.304812321227974,0.0,0.7218452139627093,7.483564151820148,0.5508379838069224,8.33088991879652,6.5844849582992255,10.0,none
9.467588784915419,7.72868071624074,4.7863215648638855,7.7648457558222646,7.0888297895305925,0.820666893028172,0.9781256096205931,8.152866807451124,0.006781832207040579,8.857908774724411,2.3022422437943906,10.0,none
8.808529578534452,6.065445312590535,4.077039635797345,8.78670248592467,8.254686336917814,0.7316241138340434,3.21039800161061,7.1594485624458315,0.7155483871124446,7.783133843168522,5.147387766690162,10.0,none
9.451989034974197,6.491636893785898,5.974128673674769,9.130397016876792,8.43697296526489,0.6676035166723282,2.488950485332118,6.82054367667702,0.0,8.326215521049606,4.302677889079779,10.0,none
8.268002221387672,6.858043448887487,3.1221204012642954,8.168875050176624,7.856319430057306,1.1469673937772198,0.19016889022397263,8.389269770577915,0.0,7.723028709824124,6.4156559445157075,10.0,confidence
9.551069544935125,5.053799627923645,5.161874976113339,7.88227451043935,8.572729276693249,1.8307075386954228,1.8273230755069179,10.0,0.5415100815760563,7.669287603104219,9.169270904373525,5.901136802400896,none
9.695121472894419,3.463608725534452,5.295084294495063,9.173798889846765,6.549378378187828,0.0,2.5153013905427866,7.6525721402263285,0.0,7.172796263885494,5.493631896647591,10.0,communication
8.513339192912412,5.0329574528657055,5.31944982050622,8.78082006414346,3.1284373503468323,0.33353913625721,2.2680465333158875,9.568490928542305,0.0,6.814680009568081,4.29791840499516,10.0,none
8.41577376690114,4.807526101863522,3.513718508613713,10.0,3.7204806413420766,1.9012788464286932,0.697925450251605,8.633559667023782,0.0,7.85812805426971,7.831414760837908,7.304254952799795,confidence
8.96133105758154,6.541369234149877,5.906602674441473,9.56376732407918,6.134692761542711,1.3020361177967037,2.491875370042477,9.579729964492579,0.0,7.797505908226083,3.06101188260109,10.0,none
8.07433109086057,6.385956955523842,3.386527276134064,9.200578688393586,6.1414575949602925,2.539277105130024,2.3811051961538383,6.230967234621206,0.0,7.436929121516547,5.4573431527765015,10.0,confidence
9.165207107609827,6.251975917005878,1.891447218001923,6.164354208854861,0.0,0.8340015082937529,2.373436464794587,3.412825778118294,0.0,4.191902083117168,0.0842188441770596,10.0,confidence
8.215638647825175,6.003446727555678,4.2047422078912104,5.282823376791194,1.9134197616406368,1.4062758261358423,0.0,2.978517764371628,0.0,3.1487068209833518,8.452159873225904,10.0,none
8.4833622080051,4.951004156111601,6.328123903722526,6.044249166690802,3.3250831799523337,0.0,1.0020912692794202,4.58712444103909,0.47680301999139624,3.3766847809153333,7.619618558318583,10.0,none
8.122760949028326,7.071837497774125,5.05346663310081,7.2259291590534485,1.276876947061548,0.23666026197982415,0.9856517027355646,4.5282823586756535,0.14416462278073325,4.3208419217332015,4.365469630941048,10.0,none
9.381720574819148,7.437726612214115,5.747824257329376,5.925386493967874,0.0,2.38176859429609,0.3242464464922973,5.233329461636345,0.21240382552401854,7.016120850673639,0.7468940955019637,10.0,none
8.400377425175547,7.974393205201138,0.7389520015596109,3.302502260120885,2.211251723297271,0.0,2.964934895068179,3.7707566670844255,0.048835779650209674,4.95137739344721,4.2265256719522,10.0,confidence
6.849385770807304,7.223590969163603,6.607898869677138,3.0021579817063273,0.49414727930150193,0.3271800062489217,1.4479544359293537,4.963190825555939,0.667978930366475,4.052871110203777,7.533485843078936,10.0,none
8.944710465652793,7.312521853648179,1.2966013946540607,7.662829857630658,3.0307151956255836,0.3208707570646892,0.3496947452689869,7.287760340133204,0.9024355122183617,4.413980617047976,2.360558223202872,10.0,confidence
8.100788946260096,6.9025640468179486,4.01884860409261,7.692519813776697,0.09805570159679927,0.6154129550984364,1.6908298486210103,5.437265447695672,0.5883315429406084,6.3895070791527315,5.679390566883503,10.0,none
8.416711127419054,6.22178551950826,4.425149960794451,5.433178688585277,0.9191419183310979,0.6920150343695208,0.7882221028857113,4.229449620887405,0.6235692814219951,4.833505847654353,8.329906664702097,10.0,none
8.380439094546102,8.880041924468667,4.655212450459947,4.225932649293279,0.4768766556875256,0.0,0.42119158313731386,6.706404051564074,1.2839467532287854,3.0515470489437773,1.0744228819847086,10.0,none
7.508157559108417,7.770198375192042,5.372387460593919,4.140170474428021,2.2603970964913884,0.761339930550641,1.656436755088053,6.184429807998801,0.0,6.83077556861377,4.926720581426746,10.0,none
8.86937766068962,9.070118971803833,4.2944376680027165,4.768364044307696,1.8025712107202696,2.0473822534041903,2.3116663468798344,5.900134783419425,0.0,3.3906274033976644,5.437561335482922,10.0,none
8.595922628942722,7.3607517382369,4.6830895289839125,4.544651355732794,2.6170160085047405,1.672252072671589,0.5038819045621858,5.386507084954084,0.0,2.9668695061334778,0.0,10.0,none
7.424794392108254,8.032903931142018,4.059271175095856,3.727250460625374,0.0,0.0,0.48146825595062137,4.301878246837333,0.0,5.271737144221091,7.452692321408998,3.6545672992023612,none
7.848429995132827,6.4144862396252735,1.344056890431986,5.672952392205561,2.9194146555107503,2.548951752189375,2.1793447034981384,6.149607782051128,0.0,3.880742545020418,5.319348578274312,10.0,confidence
7.801443613530965,4.801944035576693,0.5918282056130547,5.883642135169447,0.0,2.2972154136756777,1.7345204725486236,5.636927545897063,0.6761587398066231,3.046665163669365,4.190607423484839,10.0,confidence
9.02300821573739,7.975783561658254,0.8626459410874199,4.713476684606636,2.171835252411511,3.010575139901757,2.113388646384568,4.621809439143971,0.0,4.305898361366807,3.7313763935763395,10.0,confidence
8.560463252617488,7.80469914463383,4.054585263114423,5.720603090294235,3.1875540534571516,2.4516472108299308,0.0,6.985966254219503,0.0,4.512245948178279,7.768824356195165,10.0,none
8.746948706760064,8.358645690624018,6.593289337220044,6.236506705094659,2.388724894400506,1.1953056913999796,0.907073062818982,6.983901353186499,0.3328030887753697,7.311701970759249,7.942356225416377,1.6894417905216577,none
8.658572169342794,7.385570701816993,3.8577301195374476,4.888372149656877,2.854128456568451,1.4482722820878664,1.3756125241784238,4.322722295461881,0.06336248531830653,4.291949786974525,2.19638148937324,10.0,confidence
8.037270836528613,4.925387336126064,2.820603522198356,7.027192437664018,1.595919130116794,0.0,0.0,5.988800595147688,0.0,5.300620461740244,4.909763101047787,10.0,confidence
7.769942924778341,7.6954399439692756,1.1969761867636137,6.987744939748762,0.0,0.0,0.13200555266796804,4.167801677460413,0.44024365726199216,4.315072545387206,7.768233163951018,10.0,confidence
7.900791446742592,7.62974403125072,5.503827992276677,4.3970755328901765,1.6404179688933989,1.718397762849788,0.0,5.823283241685202,0.3602668275465217,5.244977625500715,1.4231707494635486,10.0,none
7.834240396821033,8.65925303847899,2.679778160884139,6.454245376068889,0.489500228498412,0.011727553366298302,0.0,3.073310243945693,0.0,3.678471602019129,5.39092046870096,10.0,confidence
7.984966790917446,6.7960656484645705,3.7768301705990095,6.463682105442137,0.7742909220853621,0.0,0.895603528123744,2.6759769324383065,0.0,4.287706037954722,4.016484991503787,10.0,confidence
6.522634996919071,7.0323284045284336,4.093945418724957,6.974928284171461,3.354055458394818,1.105863158546033,0.9171997406243646,7.125423692319204,0.04319084704521925,4.048710742640464,5.655550401292036,10.0,none
8.674720224496289,8.46962811480083,4.867244380546088,6.733362209645483,3.532195966313517,0.6309283878487191,0.0,6.648035462770658,0.0,3.3363172463164155,8.012693456831892,10.0,none
7.494774403682826,6.512939755785616,3.767914593655694,6.999684932277123,1.5186914243313323,1.5117696040763715,0.0,5.090720846869835,0.0,5.765999145486091,8.473547899645908,10.0,confidence
7.392643715017385,7.577473570056,4.338097162744649,5.89415199581186,3.4267744873860098,0.0,0.3129904415545515,4.897424126989847,0.0,5.791947433408889,4.450811791849166,10.0,none
7.379041147278656,8.048844719496909,2.472738680575628,5.697221871331097,0.0,0.0,0.0337527655979538,6.609374048840813,0.12059995267934685,6.07086139242925,2.123825925213718,10.0,confidence
9.004676530515482,5.55974472286392,4.16882581346114,8.016176764226312,2.749668626668318,3.067945564593532,0.9327552617223154,6.387066247931094,0.0,5.131115230270065,8.759005101718751,8.678364191400748,none
8.286898190098713,9.312087445232402,0.9822445849975818,6.02839752513729,2.371885351724986,0.0,0.08240260118932083,6.09688901067625,0.0,6.435011967217995,0.0,10.0,confidence
7.543547060092063,5.424959625691004,4.090252802682869,3.557760150361993,2.408570152407034,1.7079816350938353,2.446751559083601,7.004787867409816,0.0,5.030541287641841,9.95386278438372,10.0,none
7.804387687842591,4.573749609426522,3.9026177526160586,3.8622059522279786,0.39559917121888455,0.7047352816602549,2.227007786041476,4.307978901233994,0.17075985585567127,4.2271048617412745,7.350751241937302,10.0,confidence
7.003763377105584,8.723900655311557,3.5561806542767345,6.9929775943869705,2.9899511765414575,1.4242946948507096,1.911974906731856,3.5050799266204353,0.0,5.969133207016421,0.6625501012560528,10.0,confidence
8.026987875420211,4.715041999844032,6.219316222179539,6.725781938875213,1.7184419074290105,0.8356448245554928,1.1868941975504133,6.05090711297258,0.0,6.084202995023759,0.5646849502078504,10.0,none
9.100922619306322,7.037213618871762,6.464014845675624,7.784740151694662,0.0,1.030004773343506,0.0,6.515418445036755,0.19361600330290346,3.258582965127923,6.862565027713067,10.0,none
8.540422421135318,6.82949021740927,4.488894473294751,6.912622017606825,2.9824870273152917,2.5170735240785396,1.7963559441566588,5.41299446116397,0.21047266986311505,4.185211322430163,0.865874373374584,1.4152696260440185,none
9.089509101185245,6.588814974006923,1.2112975289242085,4.952734828113262,2.059756127726746,1.8803113934698517,0.2742348115085746,5.994668688007892,0.2828582349141772,4.617626483475767,2.171524577614207,10.0,confidence
7.903535651405506,4.648757656982027,4.281720643279276,4.305272846310575,3.1185298097560454,2.3419012318323564,0.27838605422613716,5.268351403756683,0.0,4.814675947133016,9.802065717447947,10.0,none
8.252775132846246,6.7165246204450675,5.886238211425645,6.781982893336838,0.5058356248654583,0.9350060474866276,2.129370093331523,3.5015158982168866,0.0,6.25021551115949,4.416993152765002,1.215975012577074,none
8.697569330287187,5.710743182053263,5.637274096498555,5.262959731087115,0.7524011816092047,1.9878162866350981,0.0,6.442808243935435,0.2641967295646672,4.556195902050732,9.315991287183316,10.0,none
8.400577358330994,6.9437593010329675,2.8800758806532416,6.089952250381056,2.2305039990212956,1.43899314471601,1.5369734089980192,3.530577257827236,0.49426317896563127,5.294723806361044,9.042385377415966,10.0,confidence
8.00925995367932,6.956720269422974,3.665305896305616,3.758630750876544,0.0,0.37291118859620587,1.3715900287332998,5.399653965132361,0.0,6.50115066941674,1.7093156329413512,0.0,confidence
8.590869770555836,8.726162996651087,3.9271790867328673,5.659949117571958,0.0,0.0,0.0,4.960670236713208,0.1163111824376928,4.729806393026606,4.251685592561338,10.0,confidence
9.273464316366558,6.001476420625638,5.080749749025993,4.9023513774209375,1.8360919154174666,1.5104828922176612,1.3554708238590552,6.581059799931965,0.0,6.905435253705514,8.472164828249802,10.0,none
8.370659534433134,7.567730570818661,4.116412788215608,5.589761282455907,0.0,0.0,0.0,7.290547070083369,0.0967330974760047,4.880696057601402,3.5272808393818056,10.0,none
7.831613648878415,6.761141131834059,2.935146586050625,4.801234106630344,1.0180831724801045,2.097093504680233,1.8794468138169966,6.625636534624293,0.09148727527145294,5.051181419606156,2.7082570893464655,10.0,confidence
8.645302694430994,7.574925113530883,1.3716022889636603,4.350421657531529,1.9905516663965148,0.0,0.16487300410283942,7.440987088373793,0.9385516572025971,6.894330375038979,5.557564021536004,10.0,confidence
7.367630966020478,5.4337576995815215,3.6714698852792,5.06626677007144,0.37803174039737963,1.4052245530502219,0.8449370858481666,6.013842712580106,0.0,4.72297387114048,8.918923298123882,7.272318547303815,confidence
8.811022255946892,7.44764622828297,4.150607494754882,5.111124331573972,0.061256058979223545,0.5083391808195639,1.175980565091953,7.861861556979387,0.0,6.802502659410074,1.0864768896413945,10.0,none
9.014723382180007,4.995842791663144,1.8979656703397965,6.723580599472601,0.026142570420853287,1.8026273160716522,1.2054271176928313,6.61781619807562,0.45866551442317993,4.650503239755205,5.410613955942769,0.1214830778441182,confidence
8.303445921446638,8.044968118477293,6.298305290057771,7.208784316942051,0.0,0.43732791998534915,2.309090736394196,6.08127934773319,0.0,6.086661718198095,6.292686144755348,10.0,none
10.0,5.506501727595086,0.32838824894074015,5.966434517383511,3.2026348437750576,1.8636473516799321,2.0148729441928173,5.450411202219325,0.8329456966032055,4.892924063280789,5.401602234787552,10.0,confidence
7.557199412992418,6.869797975848147,1.5793677816564657,5.174068042615341,0.8691600762089446,2.2616984373207902,2.536756804728877,6.555624087646153,0.0,6.020436131755998,9.283902523468292,7.480931840937675,confidence
7.651675708360104,8.372377818929387,4.080699235032578,5.421942381143406,2.7922621181434732,2.0779674101895083,2.391848029649972,5.036490664528855,0.0,3.6473187582384368,8.419545451574564,10.0,none
7.707315695689747,5.912063640679777,4.853342156458572,7.026302930983056,2.0836683812586405,0.0,1.3031701950938896,3.3544229335049347,0.11842512544768512,3.7799153614398313,3.1881122282659726,10.0,none
7.326382371720529,7.529796013683616,6.010436706860495,6.116805773023458,2.1671184136067114,2.3451559512987066,0.43888363654775175,3.773932298256834,0.0,3.752194502242779,8.297678264358817,10.0,none
8.589440564022869,5.8948001721827765,6.777920331478687,4.089731421478387,2.3753905390693344,0.5398207789952285,1.6608511639396144,2.978197460166034,1.0734204507003677,2.9685899873010038,4.51183164561646,10.0,none
7.709926230896328,6.466364513968753,4.801620951133735,4.245868669691537,0.0,1.1303931106205645,1.4123944818611598,7.875368303713512,0.0,3.329914249972995,2.4929728398830635,10.0,none
7.277752933890384,7.741479680570385,0.8622548339037167,3.5650410321166035,2.0719751769079005,1.7257668436231288,0.8521849214955979,5.964886634287957,0.0,6.104364734082018,6.026521320860899,10.0,confidence
8.837132243720628,5.465442025405797,1.939595644048314,5.190134558478343,3.84064448533664,0.8100471866970933,0.9867440720327751,3.778307302070977,0.0,4.8008147305710445,3.354608199830267,10.0,confidence
7.294765288843023,9.196415248333533,5.293651563272134,5.366477997609309,0.0,2.829310205099446,0.8315214237715575,5.812777754772217,0.7603186731031071,3.631702149494761,4.665700123558045,10.0,none
7.8836550915675385,6.254310075279957,4.352315768760344,5.315962436061438,3.1324726763890527,0.5223656373915317,2.9188336579936474,5.085967719677483,0.0,4.161836463435559,1.5247670576449908,10.0,none
7.80603209611258,5.499711193057368,6.123398737493893,5.090751974797984,1.9133349325696298,2.1770907461288673,0.0,5.387024756128926,0.0,6.300030721048423,5.678492938120211,10.0,none
6.7413368695748686,6.098582251955927,2.559973555283111,4.911041947458711,1.9498651374219167,0.3258569323167554,1.061985998718205,4.232848809509439,0.5146302951603914,5.672009051364744,8.509299595690818,10.0,confidence
8.165576177082498,6.525907496352176,2.4996928048965774,5.330433057480901,0.9089096938038487,1.3659797046058393,0.0,5.011935513910422,0.0,5.7918106650302645,1.5980482513801864,10.0,confidence
6.9701205454753214,5.139384152925998,5.202473126180944,6.107144110908575,1.4818254281550027,0.5617637028871502,1.1100349825011677,6.598664861475332,0.38081032388100494,3.237029858611323,6.041867504099528,7.438895281836649,none
8.705757631897923,5.059927092226704,6.6709242029703635,6.790968341522015,1.1010348852009129,0.09902781665088219,1.8002069078677894,4.586507233483528,0.0,4.1101224280032,3.3133786290754177,10.0,none
8.81274788623112,8.320732232827492,0.4929462190637771,3.6681732877485858,2.323380086798654,1.7313742549243303,1.7790866469198512,4.674508500528869,0.0,4.836893491118569,8.572545981735074,7.445382925561208,confidence
7.9410684930023026,7.510868229706153,5.69131120748708,5.56747161256131,0.9333786056830817,1.3129447406817885,1.753408909193081,6.370804292004204,0.0,3.8324780510572745,8.579630329953968,10.0,none
8.219165071786593,5.59114282793221,2.0623955568238075,3.909959215051377,0.0,0.9282588899941604,1.638838684298615,3.2391298191916644,0.4835900541549918,5.878999950416419,5.120057342843466,10.0,confidence
7.640384155915576,8.402482991376036,1.157061782789738,6.096131308726596,3.493171706882667,0.0,1.4667478391023143,4.585620400683977,0.9799013742361826,7.4012026273900675,7.1816431617660825,10.0,confidence
7.8285774910075805,4.702091188015755,3.564494245898614,6.234096219631007,1.176432456773859,0.2613853019086992,1.6235884733174066,4.329356044716834,0.23157293618418573,5.432553829834931,9.27188531727816,10.0,confidence
8.137039265599174,7.696507552754736,6.694658546699217,5.144480958821101,3.0148506935653963,0.0,1.8087568617158607,6.519653195167614,0.3988372917104276,4.9912077017819785,4.891599028533916,10.0,none
7.092487334120757,8.483464067339927,3.0396865066343617,7.121527906582034,1.4307015393191225,2.1160204222280767,2.893057544728567,4.091779552740846,0.0,5.947188609047225,7.925522180965063,10.0,confidence
8.778549843690897,6.874442248575332,1.386262462061433,5.503945423416735,0.6157970363349563,0.8318388300584615,2.3997718923049787,5.097298528451264,0.18945534892118013,6.676159397212711,8.485695533431652,10.0,confidence
7.170881700313937,4.8556600761128035,6.692497732463537,5.6546573584830035,0.7292199263996726,0.0,2.469927695705547,3.4991631951868225,0.0,4.280341439107549,2.709159179603444,3.139707166987316,none
8.19192578754344,5.963666889515626,4.271669152177812,6.0289099055392645,0.46452087738757697,1.0844397973151427,1.0542170099981425,2.9212670236673595,1.141402714162504,5.15213497522132,7.032021278672848,10.0,none
7.700962164277715,9.08410633426811,2.784542023060885,5.509097797045279,3.458937973344939,1.8703215732623524,1.681464306247739,4.279280295529395,0.07314010690749542,4.407482823404774,1.8375736204296673,10.0,confidence
6.980319857812484,7.555471363172549,4.774890198107267,3.5025967136761422,2.711838630235347,2.0368592920789097,0.0,4.310188942615468,0.3125594445840136,3.3325275113276707,1.1138311061656008,10.0,none
7.598794321866356,6.542704503387904,2.819552396715602,3.6360181398543405,0.414964450537066,1.154048795989039,0.6808721187294859,4.556761766203744,0.2512616464188114,5.143681790019679,2.6320672640815044,10.0,confidence
8.79651732476144,6.275335969118416,3.991903210131812,5.978991885479814,0.6843665041054338,1.5626806025347006,0.7995460716713053,2.6472625040566937,0.0,3.4524533944605307,3.0658128476992745,10.0,confidence
8.165327005714365,5.171325472300898,1.3538636099040153,4.9054688436177525,3.098376554637826,1.947744602796118,2.4447802216133345,2.8796508510455814,0.0,6.299032527945781,1.258885192998947,10.0,confidence
7.470472930924581,5.596629711473343,6.38622064736483,4.636572363729348,0.7628181086868526,1.023840235626609,1.9013406001122226,4.818582454791424,0.06288101253399128,6.832908289958582,7.3725575788369015,10.0,none
8.910304751959865,9.204818605503231,4.084197345874069,7.12831978305981,0.0,2.5002384824053214,0.9247876377141592,5.705319176137207,0.30011595387624473,4.802623187024333,7.872521182813648,10.0,none
8.801456272496896,5.915451262477308,6.626080653104409,6.997936851652017,0.23897586501328594,1.0031629699053013,0.34300901482709945,5.228688811658208,0.0,3.435654277538546,3.441165485425459,10.0,none
7.43019793883726,7.519979759032491,4.763759684910376,5.671009582386782,1.0177829184379876,1.3815551351182997,0.8432966829794498,5.83990221525851,0.0,4.850360805104685,7.001820807405389,10.0,none
8.604485563577471,4.290266648152527,6.174720080684463,6.963804348023171,1.425045557735143,0.6267678079029009,0.9778923359106129,6.1660455327333095,0.7585614564320191,4.620532167391507,8.13617573951723,10.0,none
8.812890646769537,8.346175606257889,5.607446334033266,3.751222429366794,1.6755944726009857,1.9897412048957852,0.0,3.042023882691353,0.30841481920285896,6.653080527175593,0.5169203914468593,10.0,none
7.492709894785158,5.422368007376949,2.487760087161329,6.3461000650515835,0.0,2.1308156354402827,1.4179221047286534,7.079372667156119,0.036857389234878316,5.816092630535974,8.149145788177009,10.0,confidence
7.8522597242183085,10.0,3.425133289890445,5.206921337188224,2.7576507283390597,1.6468748547571832,0.03188995844261526,7.159081001620063,0.0,5.865699343708768,4.045878169246497,10.0,confidence
7.983978820975159,7.849687957828946,3.122278459780601,4.229785517928259,2.0037712438885453,0.6239040265565321,0.0,6.234811614955037,0.5378866063024932,4.818506420448601,3.36562049532591,10.0,confidence
8.456766224822543,6.3305708326116985,6.0685460665951805,7.171888583303652,0.0,0.0,0.6605825504019901,4.601581045187135,0.0,5.612845671320513,8.507540015479321,10.0,none
7.594870061191143,7.199609367458757,2.951215266989493,4.452423127765787,2.448805419631562,0.1188770813946175,1.560939967185518,3.574892758619173,0.0,6.055332633739743,5.0660668974433545,10.0,confidence
8.139189499816924,8.958892146271953,1.8553589786189884,7.771908571520707,0.8907334878581057,1.998941109942038,0.8988030945807833,7.078378265947377,0.4968865097351871,5.694765021989672,8.674488791427498,7.031669632171679,confidence
8.490654272433668,6.832210755064888,0.8587069241094609,4.6670426887036225,3.1640937478821614,0.4000046061169068,0.0,3.7186614960626687,0.057295383114987004,6.820475761857903,8.46102613597134,10.0,confidence
8.155626923253475,6.360412291046176,3.996295920651558,6.94388871786067,1.6513326409033273,0.841663490935661,2.080574092803388,6.592753897848796,0.0,3.701706967733029,3.285023121592155,10.0,confidence
7.754516172519381,6.47550735866346,6.646159214444607,6.942854037101785,0.9708712004702376,1.1876964635999991,1.196931249051365,4.419271047556039,0.0,4.155555641558306,4.217904498782967,10.0,none
8.782948400069246,6.600972259428042,2.5233743602526206,6.401981080747544,0.1272196225924046,1.3232459748102903,0.0,3.045676138098439,0.0,6.294275198293981,3.1508230116107407,10.0,confidence
8.765402123028489,9.100862712638166,1.850673720073687,5.980751419686049,0.0,2.2796908298212437,0.42855367624737045,4.0542775183918955,0.1666641725863715,8.238026225465438,0.2929396728792866,10.0,confidence
7.757801594976532,8.299158443314978,4.424260115243085,8.054823128418587,1.2920023327160608,1.4459846673194128,0.0,6.034613125868081,0.5172500017376973,7.446434198516526,9.312481296014093,7.848400882471709,none
7.84829781326235,7.562951069047522,4.562156056524669,7.949528360763772,1.1859136230881315,0.055364619129170345,0.49910416972517274,4.775811084760651,0.0,7.876491452934539,8.384610761432803,10.0,none
9.679594640608997,7.013374234619397,5.550091762167896,7.4857373394426565,0.5657222268058767,2.10568408111955,1.3869497862611755,6.662984163323336,0.8539441812282651,7.9717186156297215,1.2743853083962282,10.0,none
8.352203342501168,8.822531842241833,6.8696125581566,8.252915934000043,1.243214855542707,1.369591698548208,0.11260944858702342,5.858850245466368,0.4309924402491142,7.929483042781544,2.4859513968398423,10.0,none
7.864346085227734,6.796048837377916,3.856190548595996,6.871166043201095,1.1688637080194586,2.6734762064863697,0.5404515263942835,7.397988588384562,0.4939877672686193,7.260946626904136,3.662689659556504,10.0,confidence
8.266556286559457,8.506563775219945,3.5841462745451267,8.814650768000355,0.0,1.516499797730151,0.3946201817563463,7.6950869412511995,0.39396242862698844,8.288037744095584,9.01841852159455,1.9291599154720243,confidence
8.795114650658487,6.174605152204611,6.537420762625575,7.113508930896653,1.4278619157926575,2.0167697901093007,1.2221620973494078,7.7796990957697405,0.0,7.329099741722763,3.8506528793069403,10.0,none
8.83477976669335,6.944599850867733,6.232913382899849,6.356686464413106,1.408541409789259,1.2377722697166278,0.0,4.8155283343972055,0.0,8.45294057793448,7.0530159506385735,10.0,none
8.380916029380277,6.9916885596316085,4.602920657747056,7.54168951072814,1.8973985929683264,1.6390752189854587,0.5337930993669993,7.398440022716628,0.0,6.913663860113893,6.007220768518914,10.0,none
8.11809733669955,8.092520117617656,4.350209455442752,6.597874467839793,0.9372550592227508,0.18872061766073328,0.6699901876910999,4.235947294668449,0.0,7.4535932063027115,2.642842534527523,10.0,none
8.050957522638518,6.810917017219644,4.976895765414391,7.818877259240262,0.21242704561455286,1.7704379264758117,1.613318889157801,7.351493665838679,0.08582969585591124,8.291737753492344,6.628501123057701,10.0,none
8.066262567075354,8.258665072495889,4.541543814607419,6.966762836292507,0.0,1.7186023996661075,0.6485022638525327,6.692938883880229,1.1314182710960676,6.6971912259153505,0.8555979961497727,10.0,none
7.106811592408376,6.1860361086616615,2.8162173312580503,5.966213165419067,0.8783020312731454,0.0,2.782582351979883,5.6536326323449915,0.0,7.25953657379401,6.373467674781121,10.0,confidence
8.65911588701415,7.431282592416566,3.2559847826327055,7.342820612277836,0.0,0.5748837111960937,0.5776292032084669,5.387051759055768,0.36747461643796764,7.856260496346821,9.476037587975968,2.2083522108788425,confidence
8.297037068214934,6.936748103657978,5.396370494323881,7.932786166116444,0.0,0.4933804870886669,0.9315747496777798,4.2115648396759156,0.0,7.7924774913527015,8.072372620051672,10.0,none
9.23354882618571,9.154114856195344,2.7017163440160807,8.648490936471756,1.4704103376168707,3.0680389437112803,1.5166239975876326,7.478131253230427,0.0,8.601413444127541,7.46410503528101,1.1877876872195685,confidence
8.894228429522363,6.109274072765814,2.080828027267784,6.992986805552677,2.0067566748114913,0.802125819104261,0.0,6.625007310382283,0.0,6.623665610822712,0.5038105599619886,10.0,confidence
8.939904012008073,5.891756707582402,3.1617087261199814,7.954644116843219,1.340900722263404,1.2016279519295563,2.180738494568264,5.851883974311023,0.21003648360622332,6.327701192179221,4.3439454216701625,10.0,confidence
8.121950673656942,5.94704014586605,6.544959618676452,7.106035880981191,0.0,0.6339507413054848,0.8894896892841309,8.251773981348078,0.6648617748134221,9.534683705929403,7.329118050775865,10.0,none
7.888433633580689,6.018392349397194,2.4207057493180684,7.492484258599359,0.044498477757218845,0.08906999788066626,1.7400562371197932,7.567186309126657,0.37957571725678946,8.40184873506595,8.463038931799307,10.0,confidence
9.004602842789536,8.219073247207799,5.726602193313934,6.4963590048276965,0.5021655903212141,0.8239044149588163,1.24870775531031,5.744387824764375,0.0,7.131744914537053,7.205120999493258,10.0,none
8.950454927332856,7.84672156754142,4.986554515111093,7.762830925655138,1.5613246768745284,1.0511459800517184,2.1966585215274144,6.918680279511552,0.0,8.5237429473325,6.820018976204796,9.269286782385503,none
8.613439985369933,10.0,5.364192240958297,6.444762066824009,0.1606362660741173,1.8333487063234917,0.5460387706937199,5.7651306721522335,0.0744583244304837,7.670298622768899,2.0331110758074655,10.0,none
8.455014352705046,10.0,5.093820415143378,7.881421032362455,0.7055949185855719,0.0,0.04902107554854977,5.780770656187645,0.0,6.027075408191678,5.56167237824849,10.0,none
7.707945005088565,10.0,2.9984118635043244,7.479745804744321,2.0122234740967397,0.29205798726113436,0.8435066424705913,5.237474127510484,0.0,7.99789268720007,8.708607832166841,10.0,confidence
8.765244191456441,7.289460432351516,2.8456285565101216,7.5606223783947275,0.0,2.1178994458837384,2.5668236140632175,4.412368656484,0.9708683369080561,8.30347154912947,5.6950174657256705,10.0,confidence
8.521390279248518,7.726920323474282,3.9552727099845217,5.920657852969102,0.0,1.7023389622480252,2.139509544934456,7.160909134440022,1.1988446106012705,9.248540007921923,6.147408542436375,10.0,confidence
8.04671463995203,7.680253372357492,4.605637088236703,7.241384774728348,1.0283432011038354,1.4972927052070344,0.09634574891712919,7.33942729587795,0.15479563754835057,7.315642861121231,3.0755298173243153,10.0,none
8.755804205029678,4.8667472551926005,4.319979054835733,6.8738386238785125,0.0,0.44954488215003363,1.231026170320039,5.817658272790127,0.5967285636387918,7.837625644734852,4.5739360332246255,10.0,none
8.599512347192809,9.243627671221152,6.466461318020963,7.578865588736321,2.4159189892258968,2.287863705070125,1.6374552099227522,6.6103233685595555,0.4210028961302383,8.579037907114667,2.189476561590685,10.0,none
7.97337096026036,6.373696383734668,5.564391041641437,6.77346662989628,0.0,1.7972876774072803,3.1771364060428593,5.956567104085127,0.16747723445514034,7.3034249976525665,4.745888966847846,10.0,none
8.548320650263125,7.02325788531093,6.608086258493061,7.676345530739528,0.0,0.0,0.5927576997548957,7.363423230058355,0.4439374255115875,7.751539538815008,4.254018844164724,10.0,none
7.746556154313202,7.967702848315884,4.168090583362092,8.077235891531839,0.2105851193618109,1.187893821257603,1.5265633488943156,6.742062487375091,0.6798696799888888,7.680469082947612,7.05099128363316,10.0,none
7.71211293523175,7.097877690739508,5.619944137035993,5.881355588159968,0.8826774522647889,1.024160517619409,1.707554439859499,5.736179892372409,0.0,7.309433813725731,1.6837333858565735,10.0,none
8.168137826931224,9.852249328566742,7.254815924352509,7.317983686656284,2.1703166330295183,2.5825786757036004,0.0,5.590837563505439,0.0,6.870697401368766,0.8232158905226523,3.186037824819303,none
8.353386029552341,9.836691957494699,5.281614008402463,6.809944263546405,0.8296539615834483,0.5651261714795826,0.0,3.8488421443734144,0.40703666310855147,8.28760995024819,5.222738735703101,10.0,none
8.356129800246213,10.0,6.51697445121431,7.303559296809527,0.5426194007967728,0.8249191961560756,0.9134524129763815,7.279488572924781,0.11184022450209134,8.395653535435356,1.695566719634932,10.0,none
8.890068439965628,7.795280213015877,4.616667307810834,6.827547204652461,2.3392232123698316,0.6181288663402129,0.07748255647574843,5.254439153091934,0.0,7.48594193203037,6.2501972498379885,10.0,none
7.395183969289199,9.95422410178411,7.000207246349831,6.298108468681764,0.9863795755663414,2.3680175025050603,1.6803110282517917,5.320933000131883,0.07216520462625615,7.570647829075195,4.975101591399639,10.0,none
9.748547322002805,8.935941449962217,5.110041680388446,6.773448185866194,1.084034412352636,0.7558445800505502,1.4789133737043025,6.25632719007866,0.0,8.398752646215737,4.280482234008581,10.0,none
7.286227279199644,9.688823685316065,2.3791532030210227,7.417479867583673,1.2198537105875686,0.5105897728156961,2.3750482876182404,7.96695451480808,0.07480177827736732,7.755595779451973,2.60586484344856,10.0,confidence
8.357650522159094,5.718072279790954,4.386142052650026,7.160096366417928,1.37776242255624,0.0,0.36609899225545584,8.499453423796567,0.5011198852066556,7.252592270672443,5.497670764473116,10.0,none
8.52568295442436,5.979162217349327,2.920068695394774,7.239303566868919,1.7720308306715098,0.9118739270525664,1.4572473177718048,7.546492749024369,0.0,7.644669895319393,8.470555118837373,10.0,confidence
8.249022477482285,7.402618661167991,2.681360529363764,8.354976220681994,0.0,2.093221433299629,0.24124671782667892,8.030579772394493,0.3970945986115512,8.757073438892371,5.721048458627506,10.0,confidence
8.549577029229447,7.289965708664865,2.306031290361655,5.739399214726116,0.07051268806068911,1.2962596892087523,1.2478688444806942,5.521881760979522,0.36066898792009666,8.20395098876102,1.9776714895530492,10.0,confidence
7.957948366753762,9.081414637093204,1.9596837567292265,7.302068494735574,1.2550976596639807,1.567947813333316,0.0,6.88687808848314,0.0,7.306655874140011,5.359241385502514,10.0,confidence
7.767024543492402,9.783864531273084,4.9324199270339895,6.2211847653476475,2.7643487758961114,0.744005539019471,2.3600133281708264,7.736683025588908,0.15460980910422337,8.35295937910492,9.903172324860616,10.0,none
8.750205975430251,7.344672632587091,5.269440285991667,7.207661408871954,1.9211638898983505,0.3348225299591403,1.1592513600241057,4.78013168886835,0.8388042865402057,7.739437191036397,3.3452284238350165,10.0,none
9.251206616158802,9.06639345561228,5.372289661633368,6.947379502571144,0.7463897512155147,1.8386512334544494,1.932191010747812,5.848594144670281,0.5748797765076628,6.6845661452263565,3.82476594901889,6.382243974294229,none
7.746635018813831,9.256183316086464,5.344757329100869,7.690810890012405,2.0246210372956646,1.0987484243703103,0.0,6.955037313212223,0.0,7.475406624501081,2.752616157809307,10.0,none
7.772629102907811,6.295167752179925,3.228192619956458,7.677928447402118,1.8391734484019675,0.606129537105345,0.162717161305507,3.660156778567306,0.919551419716546,7.8534263895387575,1.3896056453414216,0.7165742275494389,confidence
8.93510364116695,9.574200964820452,5.046837987690168,6.445278503171921,0.5240057784701009,1.2672013263677704,0.0,4.064240574784234,0.0,9.192565908864646,0.01606938920242451,10.0,none
9.724952999107797,8.948747470059619,4.260781837098535,7.667165527741995,0.5204261348330907,0.7952298282096031,0.0,8.494543935795038,0.30507865490755953,7.754907546885757,5.266211827708406,10.0,none
8.483289161676428,8.75724614896613,4.107315096841435,6.979701155057964,0.4760054289120288,2.8834285012860428,0.5163520715414514,6.3723275812824935,0.5924453829867264,7.845767832822765,7.460646613367159,10.0,none
7.993593388855646,8.280894400969874,5.11408713837369,6.310590343137928,2.451697743058403,2.119866521744031,1.6636879994476592,4.643991499600279,0.0,7.268554638933713,0.28830917180802207,0.03943143177772404,none
7.941797578955171,5.749719626055827,2.9914627468464037,6.968040844873814,0.0,1.7872759973038714,0.0,4.909671073233072,0.14737364601489397,7.05374217656922,7.6720875936295565,10.0,confidence
7.8338752056701,7.239912020138445,2.4700326842361817,6.749434655282926,2.023011744254049,0.9952330365026993,0.0,4.678161476041048,0.0,7.316875855897114,9.324987347756178,10.0,confidence
8.297058657305708,6.373262796740341,1.8326307516435651,7.509689226734919,2.717837352630198,2.42047675977947,1.1400149567442726,4.660419520759689,0.0,7.584359045438462,4.0201199547744695,10.0,confidence
8.376443084762638,6.935401210979307,3.232855561293726,7.992527529824497,0.3857554613479671,2.664391026248791,2.660674589269434,5.488700644472964,0.09774747562177982,6.273331427617579,5.417898180711141,10.0,confidence
8.1419579889712,9.595913465577063,3.9760935481156445,6.074507946903791,0.7125757006858233,0.0,2.065179908918023,6.975244407206173,0.554523730297377,8.313958846680835,6.281405955927539,10.0,confidence
9.353511424091016,9.224399637025057,4.956586799669906,9.111818745553,1.2092837284041806,1.2480865350163088,1.9762457310793198,4.232537822044665,0.0,7.193117730961385,5.448495774287398,10.0,none
8.387875081594029,7.204476622606544,3.741712279986515,8.890316359512052,1.8186789240736245,0.28378935168603076,1.4652247877395865,7.925890873588861,0.03411502256042597,6.012249713356431,0.7185099193972677,0.9758151387993619,confidence
7.110257766656885,7.755285952787616,3.3240070994694078,7.804991521451231,2.557783268828408,1.4072935347803555,2.487241268546248,7.742143836122264,0.0,8.624739598516303,5.502907880257798,10.0,confidence
9.691055307966284,9.31369235562798,5.95106887148033,6.587811795715788,0.12299737536794392,0.0,1.954148273418281,7.159357323140323,0.13797485266926932,8.140154543597882,4.092416286194706,10.0,none
8.553943025937954,8.422719320931146,4.922256986637383,6.936470238194639,1.5132158170674157,2.061580013148796,1.7985662602066748,3.2311728198480583,0.3687779462747762,7.576559299897921,2.605054015360746,4.189310131667371,none
8.222621753498537,6.6342226339026125,3.6379870651411954,7.763955409696893,0.0,0.5780318152937058,0.0,4.603908227794339,0.43157610043647554,7.353212944573402,5.212447766937721,10.0,confidence
7.610809023941619,7.373887651442911,6.880656965412931,6.895440193459834,0.651457950340921,2.037404476505818,0.0,6.412920222226529,0.0,7.237612030179254,6.546051648828251,10.0,none
8.905854975226307,6.452213194466647,5.454383926094482,7.48570450632723,2.920893263340969,0.4805809726381455,2.8864678450513805,4.349359343415109,0.0,6.935763633477605,2.2385453575713274,10.0,none
8.813182328486986,6.541758243627808,3.352510549817949,6.497814888273294,0.0,0.8909528229398854,1.3625037357870828,5.058969830330606,0.10074809063258168,7.239559732947493,3.903763484827763,10.0,confidence
8.1656805376405,8.86303217450696,1.9929887420677785,6.561958493802978,1.0528340288849258,0.0,1.6324569875605872,6.200857438787565,0.0,7.956921154919576,1.0835759599625632,10.0,confidence
9.487767281121545,8.462637537983083,4.342803036212467,6.77744512507884,0.144114899213955,0.4314461429280624,2.226116435335384,6.153196927655081,0.4882454133283404,7.56022260868611,9.60229394150685,10.0,none
7.255541124450579,6.474548438543128,6.476838260563044,6.681241990366337,1.3413224095074756,1.413191363673073,0.30583616358314203,6.008259288240609,0.01823928899910584,5.800018999835331,5.324568235206478,10.0,none
9.078943769669813,6.912035433896997,3.0586832463938607,6.523801974947381,1.9115379383570639,2.216328761239777,0.9744566661899291,6.729109085337783,0.0,8.11824654954718,3.2658617742885676,10.0,confidence
7.733350656511848,9.880757582411496,4.826407299685448,8.841222547297829,3.114504610039946,0.0,0.0,8.103677140743885,0.0,6.153878134009412,2.9497625760356665,10.0,none
7.639001607763958,6.697919731401361,4.054542995380509,7.549969221495771,0.0,1.819620049514541,0.15014039425800343,6.736795893452537,0.0,7.543167183779528,4.446741702940112,10.0,none
7.338231987849161,7.968987422146845,2.37495399451897,8.237554186549199,0.0,1.4224831987262667,2.8794076518462814,5.8907737323745,0.0,6.509550196273935,5.689803480634506,10.0,confidence
9.439984235818763,9.62140929539251,5.2172600719486795,8.475654859600755,1.933275066721734,2.15824245123892,1.278486263657366,5.597860914238825,0.23481599162954528,8.238742170636424,2.134968104678797,10.0,none
8.256705000162734,10.0,4.246253551115943,7.959777924095602,0.12473598475474826,2.1119879193632976,1.829282869997328,4.593423560299216,0.6616144645578551,7.298627429662509,1.9411452384688237,10.0,none
9.047902674494027,7.164107714514598,2.3129971089098413,7.357144340746662,2.2317775339695456,1.2827724607931754,1.0678168824173881,7.869818303411422,0.0,8.110993406523813,8.68452128512748,10.0,confidence
8.581807466683053,8.819878209135332,5.221424477295551,6.635587252514556,0.0,1.9139052676749535,1.2308997504802413,5.510677137622857,0.28909564879982436,7.469038924465029,5.386261315562274,10.0,none
8.538100542517359,8.851352206443458,3.8503872303248206,7.831094461683252,1.565841471659542,2.4175945018201195,1.0109453544339888,6.114310607822181,0.0,8.565327389832753,4.407732995103776,1.3431967655531918,confidence
7.403024745779766,8.371211632019271,4.51958823123539,7.696400941766495,0.0,0.4850449762342234,0.24358829615207855,3.861085800449629,0.3160289297937293,8.569917838422096,4.354961839235139,10.0,none
8.80519521438581,9.008944980342509,5.828540801071882,6.91344023104687,0.7261726203840952,1.7495291900622432,0.9646497934138287,8.026890793326608,0.36846088180428876,7.531434030502636,0.5236310993323419,10.0,none
8.432208241795728,7.122792494176645,2.877206843178003,8.553844965462702,1.456602705506888,2.6311323850935606,2.508707622814131,4.663006896725703,0.0,7.616385400677256,7.281196507553372,4.323484941766475,confidence
9.505339166090229,8.995698912649583,2.497822536530271,7.9039684304633,1.863302173073083,0.9727721679335926,1.9892208513227718,8.290830179366568,0.9685369853470318,7.602141307924519,2.620456555826893,10.0,confidence
8.596545508526342,8.839421059982463,5.5019367991889885,7.778906497095118,0.8500198080388688,2.169096970724506,0.0,5.739432511724888,0.0,8.332247419006144,4.7944521546579555,10.0,none
9.067492866634838,7.617606889209285,5.835771740773668,6.248585517045028,1.4371643296400285,1.592971195797287,1.4656272178919736,5.271365324873251,0.0,7.9795040686826155,7.348537874620537,10.0,none
8.457336242996867,6.73162355690626,5.127183211559366,7.0511492595778265,0.9762080221538851,0.0,1.7701250802980995,5.1267932101611615,0.21204599376212735,7.661533533847877,4.100560464354404,8.036368748399061,none
8.532552172856745,6.654137571832256,5.960640857798703,7.72037344029292,0.6982536607651662,0.6899538065790551,0.7936920395202822,5.386745416411802,0.014712011011555963,8.145050245254202,7.915949353738112,10.0,none
8.904962140327568,9.383703225237344,1.3377872673212174,6.507182926749831,0.02628247554162032,1.472509668224607,0.9436413480891035,4.074366892795985,0.0,6.558662429551135,3.751495898789246,10.0,confidence
7.868527503900461,10.0,2.7288419475828753,7.264040078096041,0.1476830760531535,0.49086932069021755,2.581268038584415,4.467002696966854,0.24859812706846895,8.05319223838134,0.6906508649329846,10.0,confidence
8.601737970775098,9.153741467698435,4.476991824588611,8.45477207007147,0.35019970656910143,2.4281437363649654,0.5181932218889016,6.603699725059619,0.0,8.622423404018251,5.92163403246344,10.0,none
7.991836698162966,7.235617897669937,4.551666253202907,7.59121378031836,0.0,2.618767355884265,0.0,7.2351074374184305,0.2808014472586849,8.254833768801031,3.3502370577787253,5.583275815688764,none
8.651559223268034,9.564941733610816,6.664105514869524,7.267466043323474,2.3224904479102944,0.0,2.538607396910751,5.330901465000844,0.0,7.001126797619134,4.222961356256156,10.0,none
8.523207551573831,6.425113120626094,3.3946679029772167,8.970616767787758,1.3211160895578948,0.0,1.3303814596790575,5.570470484491617,0.3915472665743261,7.445440065134192,1.2454151174368142,10.0,confidence
7.255930414047755,6.305566772818775,1.817462483336148,7.161918727170662,0.6982026248983749,0.0,0.0,5.321639851635381,0.0,8.041494670664147,2.4235445719835624,10.0,confidence
8.284503720575435,6.7934807025541755,2.640702246583179,7.405218720848741,0.8779225552914254,0.0,0.19469428814565165,5.6133811120524495,0.2991665676360751,8.847828564195003,3.934837171239103,10.0,confidence
7.949598327227179,9.678315831501523,3.5527735359819834,6.890529741971125,0.04789138653057401,0.8969000940276664,1.5877914311477102,6.253449756267815,0.4267128680263248,6.87422634861551,1.5219391955615977,10.0,confidence
7.901262624880255,9.793621918009649,4.024884944447514,8.056503248986234,1.5485764455819235,0.232075862270991,0.0,5.028412291399155,0.0,8.21809831327435,9.86499515528208,10.0,none
7.8742033742159325,7.567437242956486,5.614209928203178,7.691829399203884,2.451635235019589,1.6100151089461734,0.25221990658027765,5.818150892096737,0.5451761777908134,7.330482942862536,8.370529988235127,10.0,none
1.7192315391261763,5.77277497239358,2.2042623031934307,2.229493778035997,1.1788805856100981,1.1623819238232533,1.9090632391843398,2.4505711017831104,1.0684161888664294,1.5387151997526596,8.592658482597892,10.0,technical
0.0,4.258361252754027,0.1834005058782513,1.1878117938452208,1.105065322274112,0.2203621297404985,0.666901190828731,4.893662020964102,0.6019123496307288,1.2046432738448096,1.9496775091773397,10.0,technical
2.13698119206935,9.630564458756334,1.9103082549166297,3.742022461200396,1.2832636722342385,0.953484687438271,0.27330938760434925,4.995381026544916,0.0,1.860408710118035,5.2990739362963035,10.0,technical
0.0013480777907281527,5.540293285933712,2.545860920381667,1.4548620812979913,0.3558208371546481,1.1270628071830826,0.9961256238626108,3.0027934605319118,0.0,0.7910085612318739,1.624650803775474,10.0,technical
2.0083526740353452,8.202944398190043,0.09608571916761065,2.0606303535522215,0.1199447928656572,1.2566421592096861,1.2213395155807154,0.0,0.0,0.43200591002454924,2.9838947513564262,10.0,technical
0.0,4.952572666883091,4.189470004624736,3.339776316787837,0.0,0.0,2.309051447528242,4.145183638296847,0.0,2.5878379950035026,0.8311937665510356,10.0,technical
0.5599718996442762,5.4884008865478,4.07044430731411,0.46274000034661855,0.0,1.78671717275384,0.7727697904065539,0.0,0.0,0.17223700467819916,8.369158419644798,10.0,technical
1.9178147924427225,4.3062901828744025,3.856957684061176,2.474395892981865,0.23274436266720863,2.1405415347147843,1.1374199656534563,0.856229057598237,0.0,0.0,8.820501041384345,10.0,technical
2.536545890323401,8.287862828482448,4.602388385533602,0.3464036807003282,0.0,1.3291830544797147,1.6325285423074183,1.436459904972704,0.0,1.7553591903683534,3.4367925057623445,10.0,technical
0.9153869076242684,6.713935377270506,2.8899765671383477,0.6908105148838074,1.5932340346823832,0.3922696529727642,1.9656564474068077,2.2437181461716404,0.7847709973532552,1.708433227155098,6.927833990402804,10.0,technical
1.0314954201695454,8.617962978870702,0.0,1.8108873830664374,0.8879146066786977,0.2409101343609616,2.1902654693830046,1.376698463893308,0.0,2.6162659032430726,4.031211528300233,10.0,technical
0.8238660775347264,4.338326521647416,5.291295339738363,2.1775900064100253,0.39785504757729473,1.7819678446203113,1.185883382653204,0.7991639000965819,0.24819235361252867,1.5206439077363538,7.643552431148682,10.0,technical
1.20693775772085,8.382087327332615,4.8810510309425075,3.3060973368679236,0.0,1.219073612726508,2.5765424884624224,0.2878830750906522,0.0,1.17766851309932,3.0587865584255405,10.0,technical
1.3948729130740432,7.834238106007603,2.103846570280172,0.0,0.7952119877969288,0.2203545186399598,2.199734497554258,0.9153086642744559,0.24886918939258756,2.565853508140117,0.8795501907933057,10.0,technical
1.406226652073269,7.293035943045919,0.0,1.020479709910982,0.0,2.120977003220368,1.688243897482523,2.8179389377228388,0.0,1.521509552702688,6.093222401444173,10.0,technical
0.06248739277166249,9.403246230535219,5.794581473385074,0.39013176955636925,0.9865415110155621,2.585047957516674,2.179415826705667,0.02214054595147969,0.0,1.4136078594090673,2.4780925533012295,7.626581433797675,technical
0.619433702457599,5.772898282005575,4.713120475954817,2.0069170183769414,0.9110805673910843,0.0,0.0,1.4567756735493518,0.84834318666585,1.623318435698589,5.450925938480552,10.0,technical
1.9121273516594919,3.7924104369669625,1.4152959353083103,0.8965959024656717,0.5490334208604994,2.7337232446075737,2.705016515820576,3.897151864330771,0.0,0.14482605662617556,7.703806864969661,10.0,technical
0.9749702681288038,5.220161876402071,0.3921350956504352,0.46890033146591564,0.8309760843015233,0.0,0.14464027973588672,1.4391335666095908,0.8945711935225784,0.0,7.091210550576173,10.0,technical
1.5606727777652227,6.2425707191757365,5.3316930786193595,2.21897392597811,0.310059835927584,0.21981226002505783,0.7121097224148571,3.197853082935468,0.0,0.0,8.678721539805501,10.0,technical
0.8383306659495577,4.4292509830020625,1.0264973232188987,0.7479408998112326,0.0,1.2887736760162474,0.6430934219266244,4.586584367389239,0.23224872851233908,0.324752884899023,7.946740332683746,10.0,technical
0.2852354558561545,3.975980049513437,1.9119971235595692,0.7386662858183214,0.6015206027512422,0.0,1.2826195706445869,0.0,0.1777914598336679,0.5930473849731299,1.626357143605782,10.0,technical
1.5845281973203469,4.7021194692932955,5.565573940897027,1.2628232432216653,0.011844237003127414,0.0,1.5734351384559884,4.693473408643449,0.4121099301003937,1.0795595433303875,1.025015654716914,10.0,technical
1.4957532693585758,9.248384212185657,4.108680109483957,2.132959103188674,0.0,0.10042599515783736,2.0265135355234514,2.9720296898829055,0.3025796355854404,0.0,4.527515580469843,10.0,technical
1.66906795959687,4.25660494950449,1.304266933137928,3.9765202437236553,0.23198063668466717,1.0977564083900697,0.0,1.2309682296909243,0.0157507553614662,0.94834323258727,0.67005318162612,10.0,technical
1.9597719227680943,7.32950780571026,4.688234170080133,0.8335375381301113,0.8301393848074965,2.1658422100342336,0.467246247105776,2.2047655897426752,0.30454262011963446,0.1376793005365035,4.828441140952828,5.089358461799973,technical
1.9023384950515339,4.935214181476247,1.0257037102140871,0.0,0.009423873871719612,0.0,0.0,4.799755703727326,0.20453775181317727,1.7417043672368626,1.0294654242335697,10.0,technical
1.5927907535289778,7.641781712764912,3.566053190955224,1.4770427492452876,0.5264642645249797,1.4015258437964695,0.8920630364936937,0.0,0.0,0.8832659328357912,4.2333436062534595,10.0,technical
1.3181830477455307,3.8531878147848895,3.643571557221014,0.06256304340227448,0.0,0.6124651255793837,0.3028933201800382,4.545023203938305,0.0,2.465715015138165,2.6208511779849397,10.0,technical
0.892997667989032,7.022093084404837,0.20915510008474597,4.259364862890096,0.0,1.141935290449549,1.8630122600770087,5.384151304652046,1.0146527538510932,0.27658096387679,0.5757952027284524,6.279945484489066,technical
1.2276178154299024,3.1195057984456143,0.31161102927573275,1.2774055060803864,0.32810023408772093,0.0,0.0,0.3577480352309391,0.0,0.04963502221897346,1.1309385446797722,10.0,technical
0.22464402796027538,7.185182795158506,3.5435806574243838,1.7854891815507155,0.5813227869296315,1.7960427729888444,1.3755838790325998,4.204082610896928,0.0,1.587025412976639,8.521170481146688,10.0,technical
1.0559220264138531,3.4687443266840683,0.8284773054693001,2.5803067211528066,1.8321520591723024,2.0588290531270292,1.9393017061160607,0.6988170397042242,0.6256906651546789,1.5616053537167618,7.999603469084496,10.0,technical
2.074883887818251,7.505896368600225,4.096502834498631,2.9410558670084797,0.006093205467683962,0.0,1.4174236633638415,4.253110244526189,0.0,0.5318996627156934,3.311928155193202,10.0,technical
1.3510332302251082,6.791148459440229,2.0204975934000347,0.10106190274456639,0.0,0.48139371173167456,0.0,0.3536249771438163,0.0,0.7547828452468693,1.8492869673765369,10.0,technical
2.2906875510993165,8.333528018414079,0.0,3.0347592209431573,0.0,1.3490290949343526,1.707071995450156,0.051023821562440515,0.6365800053039213,1.8684373949964677,1.6812409547323357,4.950479858275937,technical
0.8485266216547604,4.704267818546324,2.263705880808346,1.2657437676956889,1.114646382601788,2.155915478195217,0.31001394859432746,2.895122822799384,0.0,1.7981880990580348,5.107603230290017,10.0,technical
0.7878375134875661,6.6678840272148,2.038661768509788,2.30857357316279,0.8807569594758737,2.3930932384893016,0.9263937404276956,5.231619840145692,0.05267442471436209,0.0,6.5823766699406105,10.0,technical
1.2977436456592881,9.003768850994646,4.780751724186326,3.658029267506404,0.5011432746057135,0.0,0.0,2.651466854629127,0.41917782832120426,0.6574859672454977,1.5916118372070125,10.0,technical
1.4762980544999404,4.344405228831675,0.0,1.2822769579333462,0.0,2.080547223306911,0.0,2.137284199403507,0.0,1.5181522172615485,8.309727946450627,10.0,technical
0.3824388873742339,8.77819261907161,3.264704459763578,0.8599053045146738,0.0,0.8356308484314057,0.0,0.9846007032688779,0.461134085579513,2.8113652159790377,4.902960788869625,10.0,technical
1.6859232121687007,6.6963973943902095,0.9001313170204879,0.45601136787825003,0.4829697015040815,1.9526054798146106,2.0044932767054466,0.0,0.6434630503229397,0.7299436808844448,1.417282405131685,10.0,technical
0.628494067639968,3.5044681467949816,0.0,0.0,1.5629031245915432,0.0,2.1714794714523125,2.7701195054724828,0.0,0.42532134265370153,6.519548022789465,10.0,technical
2.7467248765851107,6.195807795663939,1.7119152964258468,1.2640785500544447,1.2369966118403077,1.9705806031421398,0.9905260831751082,0.0,0.0,1.2914130204213368,5.641497137560968,0.7091109690830931,technical
1.5519141336810112,8.212360292203291,0.2576921803769678,2.546566415369102,1.5388704400574094,1.756001764326877,1.411997951080428,2.9910148367880423,0.0,1.3743155434724221,7.427696440973097,10.0,technical
1.844693806310114,6.08721380934073,2.232962401664358,3.945943186275911,0.8947123569445119,0.5862512939966316,1.9180273127973668,0.264987375414141,0.5446967031720108,1.1963944112392946,0.8773053346987013,10.0,technical
1.599585744513888,7.948564075146713,3.5856796293449382,3.560341840781781,1.0195330311188007,0.21051551473903962,0.24744939956315937,4.838551452042841,0.0,1.48038529072838,3.6338833119584395,9.413318013840982,technical
1.7362696819817236,7.1404383900970965,4.22455077346458,3.2043483811251128,1.0382671964280255,2.239185351593696,2.8536997288174653,0.0,0.4537816059525634,2.2873937804034736,6.680409353575246,10.0,technical
0.614462364888663,2.906159569467289,4.855414927790346,3.2219544579890633,0.5271462170744013,2.085112885703764,0.0,2.774944363806527,0.12116902587915233,2.1697775731422024,5.691666959645058,10.0,technical
2.268845029711674,4.796692410015524,4.138366443222985,1.7413068705873656,0.4498568444259755,1.7358282358575048,2.469857002221367,4.7669697532755855,0.0,2.9268557636558548,2.6100661023789065,10.0,technical
2.666034139484361,5.7608966857196275,3.349287155742344,2.6042606287010415,0.4634252633206066,1.8018708702145323,3.0787453174670514,1.4313661405988347,0.0,1.123870610591758,6.614416027600077,10.0,technical
2.762184907819817,4.31239867137229,0.15680771868137477,1.845977799710604,0.6887802715769,0.0,0.42580787717604496,4.714798627883642,0.98626439388364,1.2840684253798913,1.5037003358327592,10.0,technical
1.4604438838896718,6.605720328757369,2.4863553431446395,3.509115606513691,0.0,0.6375325573591258,1.6219047082101277,1.2246852408369706,0.2337487755977225,0.7849531605569622,3.2952131750254816,10.0,technical
1.2912402520903705,4.538244014797492,0.7176505082951905,1.8319909436816268,0.2420636859501039,0.35303738688501685,1.3112357181518925,2.127295591303735,0.013720702550545342,1.9104342664464582,8.900242080583766,2.396299780024334,technical
2.9032763871771614,2.6689520055307114,4.430596849600352,2.0496062227114726,1.1408530858399608,1.4176282897675387,1.4953545801797097,3.5915241323087543,0.0,2.581452231807124,4.505949791149417,10.0,technical
1.605133087666878,8.649962027098441,5.658602257382398,0.1211825860129586,0.0,1.3230762566806604,0.5426855636890218,3.055626793749428,0.0,0.7012478884117914,4.686681580707356,10.0,technical
1.7682036020703806,4.474637021645643,0.0,2.8145556755481085,0.5575804852122609,0.8093993714871295,1.760157732186189,2.4268101881788953,0.0,0.24786576780640718,4.815939599249229,10.0,technical
1.5034796397727663,6.518192373018965,6.527849816686153,2.1063598264629544,0.9728958089542649,0.0,0.9041661580176039,2.199572236851849,0.6833043422613118,0.18443403664857871,0.9057527498780098,9.135360740537275,technical
0.5465094167024473,7.883327894500454,2.3700211417542114,0.029289217437652032,0.35822619190641414,2.3964973122379627,0.0,2.131567757490653,0.24112952685409186,0.6296229477060111,9.174047927360416,4.778832414501185,technical
2.6491223926415532,5.344741406728127,3.7072210135465675,1.293622869387995,0.4493380224741522,2.257781815752678,1.5081431389110795,3.665100079313501,0.42662947550983393,0.0,3.208623753794901,10.0,technical
1.4147523865881089,4.271838280162098,4.628997706283229,2.263158981989664,0.0,1.0035042636180933,2.0927929106300738,0.21729605444978076,0.0,0.840988581972358,3.4379629945867287,1.941250270169148,technical
1.401804229919338,3.815446388906227,0.7726115972286876,3.745354899462642,0.9870525018857366,1.3617432057219356,2.669121627530591,1.932844726397799,0.0,2.3594422592124036,7.938542463841141,10.0,technical
2.5493568823813395,9.3034952170655,5.220490320475429,0.0,0.6484278447550811,2.034257341961387,0.0,0.40259350713881853,0.0,3.4262483808459283,6.913104862205753,10.0,technical
0.0,5.452063998570601,4.708408119733144,2.788985628717699,0.008515146392947467,0.162247108201234,0.0,1.9759765401341691,0.0,0.3205317617703886,5.772827084299521,6.868141283737136,technical
0.7763767913899885,6.352917274667111,4.2070145557884455,3.78785575188952,0.0,2.6131521656224126,0.0,3.4857123535612238,0.0,0.6124047170163094,7.257468317287447,10.0,technical
2.2767120272558703,8.172643039067436,0.7473291899709921,0.3424240338298462,0.0,2.3114725493266577,0.0,1.3471870935436034,1.1237993989547315,0.18821664901139024,2.3748819305880664,10.0,technical
0.4204880111035223,8.479341645006299,4.361481934269069,2.4412131842265583,1.6089027754614271,0.3351271694172476,1.0248218710171302,4.092252977738854,0.607081689595708,0.5542261683064619,5.037544311753477,10.0,technical
1.427294912991632,7.400124585580202,0.0,0.0,0.0,0.0,0.0,3.9848746205177012,0.19904776527983137,0.4521872597175577,1.9530715897337965,10.0,technical
2.520796626652352,7.700486485916436,0.34379150269050973,2.448356877220653,0.6097091091937714,2.3231896067008524,0.0,1.0865206518774917,0.0,1.943136790904277,3.937163298431261,10.0,technical
1.4221292483889756,4.127664583185347,2.3145478384425466,1.840025073727584,0.6011514638871733,1.8534040566630265,1.337264397121737,3.325401312560277,0.0,0.0,2.4507671727434,10.0,technical
1.6646669158101726,9.436778142172665,1.3104896212041814,1.9724622524496678,0.0,2.3497246750824323,0.0,5.0685524012630925,0.16602875374080756,0.8126229534403941,5.982010950631004,10.0,technical
2.299238285575414,4.708350784893099,3.3734469160701357,4.042075953053937,0.7761268769560765,0.0,2.4670840750190624,4.996414268422926,0.05286259207950555,0.10859021427943333,1.9973143199268413,10.0,technical
1.3942112496576848,3.8700505004309274,0.43309338942203324,1.8896475493477773,0.0,0.4637334520513018,1.9565989299266606,3.5283877029187987,0.001351733282518668,2.316198444567274,3.189031022476064,10.0,technical
2.304092319368051,4.388207879182989,5.287499466279186,2.297315570615621,0.0,0.062008250058173564,0.17831603069821034,3.8986518302080637,0.0,1.0742153497601488,7.5771044616457806,4.565061415357474,technical
2.554418387575439,3.531286896335136,1.0379540798050773,1.3148522518535577,0.0,0.9540810438985281,2.7390488873660184,4.414446523056178,0.0,0.6079227640948701,9.448600768080118,10.0,technical
2.45887113937035,3.5275489731264096,0.0,0.16182943810915615,1.6036656087394237,1.6482223444459825,0.34106535903295554,4.632593756865488,0.08575084496163062,2.038661166529399,3.2839163735031094,10.0,technical
2.669360824196189,4.9992692818475994,2.2335031435610384,3.66188449091986,1.0593758476351685,0.5154066480495224,0.43301876683084795,2.6833686277128668,0.0,0.779632433227826,1.2223834759126304,10.0,technical
1.933454225771576,6.88506402135695,4.64277020512934,3.0621680934706585,0.32696701250871407,1.5287305138353702,2.2407331411671834,3.787000150782244,0.14731954483479734,1.1975972088955609,8.073213893558034,10.0,technical
2.320564320416633,7.823591339642775,4.289599830671063,0.9913878516097038,0.5883669740403441,0.5715877718022204,0.0,2.3742997205450513,0.0,1.9589056022871885,0.0,10.0,technical
2.1364356518206225,6.174328492530147,3.0634455480799563,3.6864941495965597,1.1288877120027274,1.8487179082722673,0.8718377006333524,1.5109642228864812,0.464985764522781,1.995099373576093,7.309978402411669,10.0,technical
1.9937223984618049,8.391106846831525,3.6460858374067477,4.020183487007269,1.5669553031001184,0.0,0.6895281188014,0.8887212575835098,0.0,1.8169209600231258,2.460238044805016,10.0,technical
3.4019962550051814,7.222654743422736,4.467501733297368,0.0,0.5574766432062154,2.7086035208726336,0.3837089031431546,0.7480077010049299,0.8350535687635325,1.7660028542131123,4.1967977770621765,10.0,technical
1.588795361677219,8.620080264097789,4.8311041958878045,3.611768193333573,0.24244457446213263,0.7765564314141362,0.9252890437361071,1.5832399455295336,0.9447505910719044,0.32073306516678907,3.673400778343402,10.0,technical
1.900389674711008,9.161971500073369,1.388393603917136,2.4376655944105035,0.0,0.908694775476251,0.4982286438394907,0.5616187854956963,0.0,0.8192336385848944,6.5966073882544185,10.0,technical
0.6941659465180785,6.845033003781134,0.9201144819415793,1.0945779608646409,0.23668894689411732,1.4203462012584833,2.1126203432198265,2.592710592036032,0.08120813666865931,0.8588996837976485,0.7504838161006765,10.0,technical
0.5077046353868616,7.83696560485542,5.046112481304066,0.46745317912524476,0.44626851527590844,0.5444861583630494,2.1217349983549947,1.804583993070333,0.0,0.15997931807464022,2.5783390618245074,10.0,technical
1.1194854034892037,6.515116713458255,2.810904956524571,1.3988603685976866,0.0,0.025725513773313263,2.396295406462102,2.105042764704574,0.038869740479139867,0.0,5.033395350702771,10.0,technical
0.7502796958936151,8.504706031599035,4.510753983609164,0.7045300406438032,1.0999427711385763,0.3561885682578624,0.16767185496535655,4.377736163343991,0.0,1.998863433269686,2.98070125521547,10.0,technical
1.683937155023642,4.862892407731312,5.0867168698366685,4.292101523985624,1.1153158707685247,0.8040574776806374,0.02768588326230064,3.217228573753351,0.0,1.5966857367784795,4.72716869071393,10.0,technical
1.619257282210834,4.353440835711076,2.7070977554336078,1.1105296664800177,0.0,0.7669002831406039,2.3339962189076204,1.5026224884158133,0.03407287226314471,2.021967254292946,8.004680844314263,10.0,technical
0.6076905885916344,3.331127378124106,0.87984010731654,3.649380031143547,0.2632894950954946,2.006533086471438,0.10612797693765219,4.2669345338696685,0.24469206120768472,1.002392651144247,9.226376371205316,10.0,technical
2.1130475964588205,3.75390309877005,0.17072071695746935,3.2435521575569046,0.17079257043479348,0.9143962555761898,2.0957405917412144,0.0,0.0,0.7314376561961236,6.7210236005514155,10.0,technical
2.171805817577012,6.823470044363375,1.027434185800325,1.1914013545843365,0.05489014382523198,0.734204559529259,0.02345977132692768,3.9476186008957814,0.0,0.2945735352339995,7.2204965365406375,10.0,technical
2.1623627108132886,3.4465966447823257,0.029524997221473993,1.2789136753265251,1.6540373775444133,0.0,0.0,3.4181861701852174,0.31790164118720576,1.6768369514048105,9.324039564554855,10.0,technical
1.4879650518948515,7.174695512221135,5.3313106275097395,1.3546443745632206,0.44301639066417775,1.018633100473029,1.0276563753897392,2.9131008716806464,0.0,0.9472915058069724,1.186339751055824,10.0,technical
1.4860625157342662,7.631165776900407,4.268829235534444,3.7748033916148716,0.08384758279503662,1.6295180627715502,1.23952661358517,4.106404122099133,0.0,0.0,4.018581617519079,10.0,technical
1.4264829691438885,3.8036645719639885,5.42423042788508,3.1595622633022766,0.7925419654442336,1.6177830093202126,0.0,1.29649206565646,0.49219074855930267,0.25470630765867774,2.8316628354552544,10.0,technical
2.159027540921158,5.729697908147139,3.832941989429748,2.0272096840856566,0.3491457949021283,2.763447652485167,0.49020061853308383,1.8359032503524826,0.0,1.4881387462468425,3.963304149595065,10.0,technical
0.8565767160813602,3.209595878583478,3.5895520447652998,4.581611622385483,1.121835358932394,1.7245416937713907,2.3900579209991304,2.458639039215958,0.0,1.790548885551887,8.367608167253637,10.0,technical
0.6822255701885233,6.743005597572386,2.922908726584181,2.832344056363857,1.297960818598309,0.0,0.18522783617758953,2.887341100867209,0.0,1.321798536018269,8.073160264873923,10.0,technical
1.3780171711868288,2.80440347515259,1.2449936973734685,1.9547209287762461,1.0221143194667928,1.005061982426546,0.7249694962130736,4.106058099667804,0.0,1.9519852451575326,3.876941054120132,10.0,technical
